Rank,EntryId,EntryName,TimeRemaining,Points,Lineup,,Player,Roster Position,%Drafted,FPTS
1,2625087400,tenaciousdjones,0,189.9,P Lucas Giolito P Tyler Glasnow SS Francisco Lindor OF Dominic Smith C James McCann OF Brandon Nimmo 1B Nate Lowe 3B Ryan McMahon OF Michael Conforto 2B Jake Cronenworth,,Lucas Giolito,P,75.35%,27
2,2623934567,ddpensak107,0,188.9,P Lucas Giolito P Tyler Glasnow SS Trevor Story OF Charlie Blackmon OF Joey Gallo 1B Nate Lowe 3B Ryan McMahon OF David Dahl 2B Nick Solak C Omar Narváez,,Yu Darvish,P,39.86%,23.1
3,2624494231,bostoneagle5,0,187.9,P Lucas Giolito P Tyler Glasnow SS Francisco Lindor 1B Pete Alonso 3B J.D. Davis OF Dominic Smith 2B Ryan McMahon OF Michael Conforto C Dom Nuñez OF Sam Hilliard,,Tyler Glasnow,P,34.56%,25.9
4,2624362667,theWhistlesGoWooo (10/13),0,186.15,P Tyler Glasnow P Freddy Peralta OF Mookie Betts SS Corey Seager OF Ketel Marte 3B Ryan McMahon 1B C.J. Cron 2B Garrett Hampson C Dom Nuñez OF Sam Hilliard,,Joey Gallo,OF,33.64%,2
5,2625051745,myb821,0,183.25,P Lucas Giolito P Freddy Peralta SS Trevor Story 1B Pete Alonso OF Dominic Smith C James McCann 3B Ryan McMahon OF Michael Conforto 2B Jeff McNeil OF Sam Hilliard,,Bo Bichette,SS,26.96%,28
6,2624303901,bkreider (12/13),0,177.35,P Clayton Kershaw P Lucas Giolito OF Christian Yelich SS Bo Bichette 1B Nate Lowe OF David Dahl C Jonah Heim 2B Kolten Wong OF Ronald Guzmán 3B Brock Holt,,Michael Conforto,OF,23.96%,7
7,2623942075,hank20 (2/7),0,174.9,P Lucas Giolito P Tyler Glasnow SS Francisco Lindor 1B Pete Alonso OF Dominic Smith OF Brandon Nimmo 2B Ryan McMahon OF Michael Conforto C Yermín Mercedes 3B Luis Urías,,Omar Narváez,C,22.81%,19
8,2625081856,hester1233,0,168.9,P Lucas Giolito P Tyler Glasnow SS Bo Bichette 3B Vladimir Guerrero Jr. OF Teoscar Hernández OF Joey Gallo 1B Nate Lowe OF Randal Grichuk 2B Nick Solak C Omar Narváez,,Alejandro Kirk,C,22.35%,0
9,2624984254,mfackler76 (1/2),0,168.45,P Lucas Giolito P Martín Pérez OF Christian Yelich SS Francisco Lindor 1B Pete Alonso 3B J.D. Davis OF Dominic Smith 2B Ryan McMahon OF Michael Conforto C Omar Narváez,,Christian Yelich,OF,21.20%,7
10,2624618051,reztes757 (2/4),0,166.1,P Yu Darvish P Lucas Giolito OF Christian Yelich OF Joey Gallo SS Isiah Kiner-Falefa 3B Travis Shaw 1B Nate Lowe OF David Dahl 2B Nick Solak C Omar Narváez,,Vladimir Guerrero Jr.,1B,20.28%,4
10,2624618052,reztes757 (3/4),0,166.1,P Yu Darvish P Lucas Giolito SS Bo Bichette 3B Vladimir Guerrero Jr. OF Joey Gallo 1B Nate Lowe OF Randal Grichuk OF David Dahl C Jonah Heim 2B Nick Solak,,David Dahl,OF,18.89%,8
12,2625061768,slickcowboy23915 (2/3),0,162.4,P Lucas Giolito P James Paxton SS Trevor Story OF Charlie Blackmon OF Joey Gallo 1B Nate Lowe 3B Ryan McMahon OF David Dahl C Jonah Heim 2B Nick Solak,,Francisco Lindor,SS,18.66%,4
13,2625107155,bouncehouse22,0,158.9,P Lucas Giolito P Tyler Glasnow OF Charlie Blackmon SS Bo Bichette 3B Vladimir Guerrero Jr. OF Teoscar Hernández 1B Nate Lowe C Yermín Mercedes 2B Nick Solak OF Ronald Guzmán,,Kolten Wong,2B,18.20%,9
14,2624146567,mrgoodseats (3/3),0,158.1,P Yu Darvish P Lucas Giolito SS Bo Bichette 3B Vladimir Guerrero Jr. OF Joey Gallo 1B Nate Lowe OF David Dahl 2B Nick Solak OF Ronald Guzmán C Alejandro Kirk,,Cavan Biggio,3B,17.74%,0
14,2624280773,Sims11,0,158.1,P Yu Darvish P Lucas Giolito SS Trevor Story OF Ketel Marte 1B Mike Brosseau OF Joey Gallo 2B Ryan McMahon OF Garrett Hampson C Omar Narváez 3B Brock Holt,,Pete Alonso,1B,16.13%,25
16,2624350052,mrcpuguru (4/4),0,156,P Yu Darvish P Tyler Glasnow OF Christian Yelich OF Joey Gallo SS Isiah Kiner-Falefa 3B Travis Shaw 1B Nate Lowe OF David Dahl 2B Kolten Wong C Omar Narváez,,Teoscar Hernández,OF,15.90%,3
17,2624376834,Felixingenium (3/5),0,155.9,P Lucas Giolito P Tyler Glasnow SS Francisco Lindor OF Dominic Smith C James McCann OF Brandon Nimmo 3B Ryan McMahon OF Michael Conforto 1B C.J. Cron 2B Garrett Hampson,,James Paxton,P,14.98%,4.4
18,2624129750,jeremyagreen,0,155.1,P Yu Darvish P Lucas Giolito OF J.D. Martinez C Willson Contreras 3B Cavan Biggio 2B Ryan McMahon OF Michael Conforto 1B Daniel Vogelbach SS Christian Arroyo OF Sam Hilliard,,Marcus Semien,2B,14.98%,0
19,2624157705,IamPGM (1/3),0,154.9,P Lucas Giolito P Tyler Glasnow SS Xander Bogaerts OF J.D. Martinez C Christian Vázquez OF Joey Gallo 1B Nate Lowe OF Garrett Hampson 2B Christian Arroyo 3B Brock Holt,,Jake Cronenworth,2B,14.75%,5
20,2624050834,JohnnyDakota,0,154.8,P Tyler Glasnow P Marcus Stroman SS Trevor Story OF Charlie Blackmon OF Ketel Marte 1B Christian Walker 3B Ryan McMahon 2B Garrett Hampson C Dom Nuñez OF Pavin Smith,,Nick Solak,2B,13.36%,18
21,2624339100,bric75 (1/8),0,154.5,P Yu Darvish P James Paxton SS Trevor Story 1B Pete Alonso C James McCann OF Brandon Nimmo 3B Ryan McMahon OF Michael Conforto 2B Jeff McNeil OF Sam Hilliard,,Daniel Vogelbach,1B,13.13%,4
22,2625043978,Giebs,0,154.15,P Lucas Giolito P Tanner Roark OF Mookie Betts SS Trevor Story OF Ketel Marte 1B Yandy Díaz 3B Ryan McMahon OF David Peralta 2B Jake Cronenworth C Omar Narváez,,Randy Arozarena,OF,12.90%,7
23,2625078199,sheesheenees (3/3),0,154.1,P Yu Darvish P Lucas Giolito SS Bo Bichette 3B Cavan Biggio OF Teoscar Hernández OF Joey Gallo 1B Nate Lowe OF Jackie Bradley Jr. 2B Nick Solak C Omar Narváez,,Nate Lowe,1B,12.67%,34
24,2623892238,champions007,0,153.9,P Lucas Giolito P Tyler Glasnow SS Trevor Story OF Charlie Blackmon OF Ketel Marte 2B Ryan McMahon 1B C.J. Cron 3B Alec Bohm OF Garrett Hampson C Omar Narváez,,Brandon Nimmo,OF,11.98%,15
24,2625097929,gatorhater24,0,153.9,P Lucas Giolito P Tyler Glasnow OF Christian Yelich SS Bo Bichette 3B Vladimir Guerrero Jr. OF Joey Gallo 1B Nate Lowe OF David Dahl 2B Nick Solak C Alejandro Kirk,,Trevor Story,SS,11.98%,4
26,2624037057,sprague272000 (2/2),0,152.9,P Lucas Giolito P Tyler Glasnow OF Christian Yelich OF Joey Gallo SS Isiah Kiner-Falefa 3B Travis Shaw 1B Nate Lowe 2B Jake Cronenworth OF David Dahl C Victor Caratini,,Yandy Díaz,3B,11.75%,4
27,2624303902,bkreider (13/13),0,152.35,P Clayton Kershaw P Lucas Giolito SS Bo Bichette 1B Christian Walker 3B Vladimir Guerrero Jr. OF Teoscar Hernández OF Lourdes Gurriel Jr. OF Randal Grichuk 2B Kolten Wong C Omar Narváez,,Garrett Hampson,OF,11.29%,5
28,2624985952,YoungBuck23,0,152.25,P Lucas Giolito P Freddy Peralta SS Corey Seager 1B José Abreu OF Luis Robert 3B Travis Shaw OF David Dahl C Yermín Mercedes 2B Nick Madrigal OF Andrew Vaughn,,Dominic Smith,OF,10.14%,16
29,2624177728,uhhuhbro (12/13),0,152.1,P Yu Darvish P Lucas Giolito C Willson Contreras SS Bo Bichette OF Joey Gallo 1B Nate Lowe 3B Eduardo Escobar OF David Dahl 2B Nick Solak OF Leody Taveras,,Corey Seager,SS,9.68%,0
30,2623889248,AJSMITH2266 (1/3),0,151.9,P Lucas Giolito P Tyler Glasnow SS Bo Bichette 3B Cavan Biggio 2B Marcus Semien OF Joey Gallo 1B Nate Lowe OF Randal Grichuk OF David Dahl C Omar Narváez,,Clayton Kershaw,P,9.68%,31.35
30,2624967222,dnedzelskiy,0,151.9,P Lucas Giolito P Tyler Glasnow OF Christian Yelich OF Charlie Blackmon SS Isiah Kiner-Falefa 3B Ryan McMahon 1B Jake Cronenworth OF Raimel Tapia 2B Kolten Wong C Dom Nuñez,,Joc Pederson,OF,9.45%,2
32,2624273146,fjbourne (4/7),0,151.35,P Clayton Kershaw P Lucas Giolito OF Christian Yelich 1B Christian Walker 3B Vladimir Guerrero Jr. SS Isiah Kiner-Falefa OF David Dahl C Jonah Heim 2B Nick Solak OF Ronald Guzmán,,Avisaíl García,OF,9.45%,0
33,2624362659,theWhistlesGoWooo (2/13),0,151.1,P Yu Darvish P Lucas Giolito SS Trevor Story OF Christian Yelich 3B Ryan McMahon 1B C.J. Cron OF Jackie Bradley Jr. 2B Kolten Wong C Dom Nuñez OF Sam Hilliard,,Manuel Margot,OF,9.22%,7
34,2624362670,theWhistlesGoWooo (13/13),0,150.9,P Lucas Giolito P Tyler Glasnow OF Luis Robert OF Ketel Marte 1B Christian Walker 3B Asdrúbal Cabrera OF David Peralta C Yermín Mercedes 2B Kolten Wong SS Geraldo Perdomo,,C.J. Cron,1B,8.99%,0
35,2624293054,mrcpuguru (2/4),0,149.9,P Lucas Giolito P Tyler Glasnow SS Trevor Story OF Ketel Marte 3B Ryan McMahon 2B Eduardo Escobar OF David Peralta 1B C.J. Cron OF Raimel Tapia C Dom Nuñez,,Ronald Guzmán,OF,8.76%,14
35,2624659864,sleazygreazy (6/13),0,149.9,P Lucas Giolito P Tyler Glasnow OF Mookie Betts SS Corey Seager 1B Max Muncy 3B Edwin Ríos 2B Nick Solak OF Andrew Vaughn C Alejandro Kirk OF Matt Joyce,,Ketel Marte,OF,8.76%,19
37,2624258742,PCobb38,0,148.9,P Lucas Giolito P Tyler Glasnow SS Francisco Lindor OF Randy Arozarena OF Dominic Smith 3B Yandy Díaz 1B Nate Lowe OF Michael Conforto 2B Jake Cronenworth C Omar Narváez,,Willson Contreras,C,8.53%,4
37,2624659859,sleazygreazy (1/13),0,148.9,P Lucas Giolito P Tyler Glasnow OF Mookie Betts 3B Manny Machado 1B José Abreu 2B Jake Cronenworth OF Jurickson Profar C Omar Narváez OF Andrew Vaughn SS Ha-Seong Kim,,Matt Joyce,OF,8.29%,4
39,2624997598,mfackler76 (2/2),0,148.1,P Yu Darvish P Lucas Giolito 3B Kris Bryant 1B Pete Alonso OF Joey Gallo SS Isiah Kiner-Falefa OF David Dahl C Victor Caratini 2B Nick Solak OF Ronald Guzmán,,Yermín Mercedes,C,8.29%,3
40,2624362661,theWhistlesGoWooo (4/13),0,147.9,P Lucas Giolito P Tyler Glasnow OF Bryce Harper C J.T. Realmuto SS Didi Gregorius OF Joey Gallo 1B Nate Lowe 3B Alec Bohm 2B Nick Solak OF Ronald Guzmán,,Isiah Kiner-Falefa,SS,8.06%,10
40,2624998628,SamENole (4/4),0,147.9,P Lucas Giolito P Tyler Glasnow OF Mookie Betts 1B Max Muncy 3B Edwin Ríos OF Tommy Pham 2B Jake Cronenworth C Victor Caratini SS Ha-Seong Kim OF Zach McKinstry,,Travis Shaw,3B,8.06%,18
42,2624780745,blue8659,0,147.45,P Yu Darvish P Clayton Kershaw SS Bo Bichette 3B Cavan Biggio OF Teoscar Hernández OF Joey Gallo 1B Nate Lowe OF David Dahl 2B Nick Solak C Alejandro Kirk,,Zach McKinstry,OF,7.83%,0
43,2624532235,mikemc,0,147.1,P Yu Darvish P Lucas Giolito C Willson Contreras 3B Cavan Biggio SS Didi Gregorius OF Joc Pederson 1B Nate Lowe OF David Dahl 2B Nick Solak OF Ronald Guzmán,,Randal Grichuk,OF,7.60%,8
44,2624206824,russelld07 (1/3),0,145.9,P Lucas Giolito P Tyler Glasnow SS Bo Bichette 3B Cavan Biggio OF Teoscar Hernández OF Joey Gallo 1B Nate Lowe OF David Dahl 2B Nick Solak C Alejandro Kirk,,Jeff McNeil,2B,7.60%,2
44,2624251512,Rotomania (2/2),0,145.9,P Lucas Giolito P Tyler Glasnow SS Francisco Lindor 1B Pete Alonso OF Joey Gallo 3B J.D. Davis OF Brandon Nimmo OF David Dahl 2B Nick Solak C Omar Narváez,,Jackie Bradley Jr.,OF,7.60%,0
44,2624498225,kriller1217 (1/2),0,145.9,P Lucas Giolito P Tyler Glasnow OF Christian Yelich SS Bo Bichette 3B Vladimir Guerrero Jr. 1B Asdrúbal Cabrera 2B Gavin Lux OF Garrett Hampson C Dom Nuñez OF Ronald Guzmán,,Charlie Blackmon,OF,7.37%,2
47,2624166723,IamPGM (3/3),0,145.1,P Yu Darvish P Lucas Giolito OF Christian Yelich OF Ketel Marte 1B Asdrúbal Cabrera 3B Travis Shaw OF Jackie Bradley Jr. 2B Kolten Wong C Omar Narváez SS Ha-Seong Kim,,Ryan McMahon,2B,7.37%,49
48,2624376833,Felixingenium (2/5),0,144.35,P Clayton Kershaw P Lucas Giolito SS Francisco Lindor 1B Pete Alonso OF Dominic Smith 3B Edwin Ríos OF Brandon Nimmo OF Michael Conforto C Alejandro Kirk 2B Zach McKinstry,,Raimel Tapia,OF,7.37%,3
48,2624628419,clothsofheaven (3/4),0,144.35,P Clayton Kershaw P Lucas Giolito OF Charlie Blackmon SS Bo Bichette 3B Cavan Biggio OF Joey Gallo OF David Dahl 2B Nick Solak C Dom Nuñez 1B Ronald Guzmán,,Mike Brosseau,3B,6.91%,5
50,2624943204,TheSSmith8,0,144.25,P Lucas Giolito P Freddy Peralta OF Mookie Betts SS Corey Seager 1B Max Muncy OF Joey Gallo 3B Edwin Ríos C Omar Narváez OF Matt Joyce 2B Zach McKinstry,,James McCann,C,6.91%,7
51,2624866219,mafiaman4,0,144.1,P Yu Darvish P Lucas Giolito SS Francisco Lindor 1B Pete Alonso OF Dominic Smith OF Brandon Nimmo OF Michael Conforto 3B Alec Bohm 2B Garrett Hampson C Omar Narváez,,Ha-Seong Kim,2B,6.68%,7
51,2625047090,BrandonAdams (10/13),0,144.1,P Yu Darvish P Lucas Giolito OF Christian Yelich SS Bo Bichette OF Joey Gallo 3B Travis Shaw OF Michael Conforto 2B Kolten Wong 1B Daniel Vogelbach C Omar Narváez,,David Peralta,OF,6.68%,3
53,2625078197,sheesheenees (1/3),0,143.6,P Clayton Kershaw P Freddy Peralta 1B José Abreu OF Christian Yelich OF Luis Robert 3B Yoán Moncada C Yermín Mercedes 2B Kolten Wong OF Andrew Vaughn SS Luis Urías,,Dom Nuñez,C,6.22%,14
54,2624241539,wakeywakey,0,143.25,P Lucas Giolito P Freddy Peralta OF Christian Yelich SS Francisco Lindor 1B Pete Alonso 3B J.D. Davis OF Brandon Nimmo OF Michael Conforto 2B Kolten Wong C Omar Narváez,,Freddy Peralta,P,5.99%,28.25
55,2624177722,uhhuhbro (6/13),0,143.1,P Yu Darvish P Lucas Giolito OF Luis Robert SS Bo Bichette 3B Yoán Moncada OF Joey Gallo OF Adam Eaton 2B Nick Madrigal 1B Andrew Vaughn C Alejandro Kirk,,J.D. Davis,3B,5.99%,2
55,2625047089,BrandonAdams (9/13),0,143.1,P Yu Darvish P Lucas Giolito OF Bryce Harper SS Bo Bichette C Carson Kelly 3B Ryan McMahon 2B Eduardo Escobar 1B C.J. Cron OF Garrett Hampson OF Matt Joyce,,Germán Márquez,P,5.99%,13.3
57,2624342592,ackarmasports,0,142.9,P Lucas Giolito P Tyler Glasnow OF Christian Yelich SS Bo Bichette 3B Vladimir Guerrero Jr. OF Teoscar Hernández OF Dominic Smith 2B Kolten Wong 1B Daniel Vogelbach C Omar Narváez,,Eduardo Escobar,2B,5.99%,5
57,2624843634,MoneylineMark2,0,142.9,P Lucas Giolito P Tyler Glasnow OF Christian Yelich SS Bo Bichette OF Teoscar Hernández OF Joey Gallo 3B Travis Shaw 2B Kolten Wong 1B Daniel Vogelbach C Omar Narváez,,J.T. Realmuto,C,5.53%,5
59,2624870993,anilprao88 (11/13),0,142.15,P Tyler Glasnow P Freddy Peralta 3B Manny Machado OF Wil Myers 1B Pete Alonso OF Brandon Nimmo OF Michael Conforto 2B Jake Cronenworth C Victor Caratini SS Ha-Seong Kim,,Javier Báez,SS,5.30%,0
60,2624870986,anilprao88 (4/13),0,142.1,P Yu Darvish P Lucas Giolito OF Ketel Marte 3B Yoán Moncada 1B Christian Walker 2B Eduardo Escobar OF David Peralta OF Adam Eaton C Zack Collins SS Geraldo Perdomo,,Brock Holt,3B,5.30%,5
61,2624870994,anilprao88 (12/13),0,142,P Yu Darvish P Tyler Glasnow 1B José Abreu OF Luis Robert SS Didi Gregorius OF Adam Eaton C Yermín Mercedes 3B Alec Bohm 2B Nick Madrigal OF Roman Quinn,,Willy Adames,SS,5.30%,10
62,2624309658,Joelexa7,0,141.9,P Lucas Giolito P Tyler Glasnow SS Trevor Story OF Charlie Blackmon 3B Ryan McMahon OF Michael Conforto 1B C.J. Cron 2B Jake Cronenworth OF Raimel Tapia C Omar Narváez,,Lourdes Gurriel Jr.,OF,5.30%,5
62,2624386491,Felixingenium (4/5),0,141.9,P Lucas Giolito P Tyler Glasnow 1B Pete Alonso SS Bo Bichette 3B Vladimir Guerrero Jr. OF Brandon Nimmo OF Michael Conforto 2B Jeff McNeil OF Randal Grichuk C Alejandro Kirk,,Alec Bohm,3B,5.07%,3
64,2624273144,fjbourne (2/7),0,141.65,P Lucas Giolito P Aaron Sanchez 1B Pete Alonso OF Randy Arozarena 2B Brandon Lowe SS Bo Bichette OF Manuel Margot OF Brandon Nimmo 3B Yandy Díaz C Francisco Mejía,,Kris Bryant,3B,5.07%,5
65,2625035018,mak9177,0,140.9,P Lucas Giolito P Tyler Glasnow OF Randy Arozarena 3B Asdrúbal Cabrera OF AJ Pollock SS Isiah Kiner-Falefa 1B Nate Lowe 2B Jake Cronenworth OF Randal Grichuk C Yermín Mercedes,,Manny Machado,3B,5.07%,5
66,2623899286,SneakyPete15,0,140.1,P Yu Darvish P Lucas Giolito OF Joey Gallo C Mike Zunino SS Isiah Kiner-Falefa OF Manuel Margot 3B Yandy Díaz 1B Nate Lowe OF David Dahl 2B Nick Solak,,Anthony Rizzo,1B,4.84%,0
66,2624932742,cheeseisgood (1/4),0,140.1,P Yu Darvish P Lucas Giolito SS Corey Seager 3B Cavan Biggio OF Joey Gallo 1B Nate Lowe OF David Dahl 2B Nick Solak C Dom Nuñez OF Ronald Guzmán,,Brandon Lowe,2B,4.84%,10
68,2623915727,AJSMITH2266 (3/3),0,139.9,P Lucas Giolito P Tyler Glasnow SS Francisco Lindor 1B Pete Alonso 3B Vladimir Guerrero Jr. OF Joey Gallo OF Michael Conforto OF David Dahl 2B Nick Solak C Omar Narváez,,Mookie Betts,OF,4.84%,27
69,2623925086,youdacao (9/13),0,139.35,P Clayton Kershaw P Lucas Giolito OF Christian Yelich SS Bo Bichette 2B Marcus Semien 3B Travis Shaw OF Jackie Bradley Jr. OF Garrett Hampson 1B Daniel Vogelbach C Omar Narváez,,Tommy Pham,OF,4.84%,3
69,2624859701,isupol (4/4),0,139.35,P Clayton Kershaw P Lucas Giolito SS Francisco Lindor 1B Pete Alonso 3B J.D. Davis OF Brandon Nimmo OF Michael Conforto OF Jackie Bradley Jr. 2B Kolten Wong C Omar Narváez,,Christian Walker,1B,4.61%,18
71,2623906070,rikkidee (10/13),0,139.25,P Clayton Kershaw P Tyler Glasnow SS Francisco Lindor 1B Pete Alonso OF Randy Arozarena 3B Travis Shaw OF Jackie Bradley Jr. 2B Kolten Wong OF Avisaíl García C Omar Narváez,,Asdrúbal Cabrera,3B,4.38%,16
72,2624990293,slimt95,0,138.9,P Lucas Giolito P Tyler Glasnow OF Christian Yelich SS Bo Bichette 3B Cavan Biggio OF Joey Gallo 1B Nate Lowe OF David Dahl C Alejandro Kirk 2B Ha-Seong Kim,,Max Muncy,1B,4.15%,18
73,2624303900,bkreider (11/13),0,137.35,P Clayton Kershaw P Lucas Giolito OF Christian Yelich OF Charlie Blackmon 1B Pete Alonso 3B Travis Shaw 2B Garrett Hampson OF Avisaíl García C Omar Narváez SS Luis Urías,,Sam Hilliard,OF,4.15%,18
74,2624985838,UPLIFTINGTHESPIRIT (2/2),0,137.15,P Marcus Stroman P Freddy Peralta OF Mookie Betts 1B Max Muncy OF Christian Yelich C Willson Contreras 2B Nick Solak OF Franchy Cordero SS Christian Arroyo 3B Brock Holt,,Pavin Smith,OF,4.15%,0
75,2624657197,Roll...Tide,0,136.9,P Lucas Giolito P Tyler Glasnow 2B Marcus Semien 3B Vladimir Guerrero Jr. OF Joey Gallo SS Isiah Kiner-Falefa OF Manuel Margot 1B Nate Lowe OF Randal Grichuk C Omar Narváez,,Rowdy Tellez,1B,3.92%,0
75,2624704730,shoran8,0,136.9,P Lucas Giolito P Tyler Glasnow SS Trevor Story OF Charlie Blackmon 3B Mike Brosseau OF Joey Gallo 1B Nate Lowe 2B Garrett Hampson C Dom Nuñez OF Sam Hilliard,,Gavin Lux,2B,3.69%,5
75,2624878615,Jthayesjr,0,136.9,P Lucas Giolito P Tyler Glasnow SS Bo Bichette 3B Cavan Biggio OF Teoscar Hernández OF Joey Gallo 1B Nate Lowe OF Randal Grichuk 2B Kolten Wong C Alejandro Kirk,,Bryce Harper,OF,3.69%,2
78,2625004942,maleniam,0,136.1,P Yu Darvish P Lucas Giolito SS Bo Bichette 3B Cavan Biggio 2B Marcus Semien OF Joey Gallo 1B Nate Lowe OF David Dahl OF Ronald Guzmán C Alejandro Kirk,,Victor Caratini,C,3.69%,16
79,2624628418,clothsofheaven (2/4),0,135.9,P Lucas Giolito P Tyler Glasnow 1B José Abreu OF Luis Robert 3B Yoán Moncada OF Brandon Nimmo OF Michael Conforto C Yermín Mercedes SS Ha-Seong Kim 2B Zach McKinstry,,Eric Hosmer,1B,3.69%,5
79,2624967913,ebeimfohr,0,135.9,P Lucas Giolito P Tyler Glasnow 3B Manny Machado 1B Pete Alonso OF Tommy Pham OF Brandon Nimmo OF Michael Conforto 2B Jake Cronenworth C Victor Caratini SS Ha-Seong Kim,,Jonah Heim,C,3.23%,14
81,2624622359,royemunson (1/2),0,135.1,P Yu Darvish P Lucas Giolito 3B Matt Chapman OF Joey Gallo OF Mark Canha SS Isiah Kiner-Falefa 1B Nate Lowe OF Ramón Laureano C Jonah Heim 2B Jed Lowrie,,Adbert Alzolay,P,3.23%,7.65
81,2624957038,jbanek31,0,135.1,P Yu Darvish P Lucas Giolito OF Christian Yelich SS Bo Bichette OF Ketel Marte 3B Yandy Díaz 1B C.J. Cron 2B Kolten Wong OF Sam Hilliard C Alejandro Kirk,,Ian Happ,OF,3.00%,2
83,2624981916,mjbftball22,0,134.9,P Lucas Giolito P Tyler Glasnow SS Bo Bichette 3B Cavan Biggio 1B Vladimir Guerrero Jr. OF Teoscar Hernández OF Joey Gallo OF Randal Grichuk 2B Nick Solak C Omar Narváez,,Jason Heyward,OF,3.00%,2
84,2624841669,atwinger (4/8),0,134.4,P Lucas Giolito P James Paxton C Willson Contreras SS Bo Bichette 3B Vladimir Guerrero Jr. OF Joey Gallo 1B Nate Lowe OF Lourdes Gurriel Jr. OF David Dahl 2B Nick Solak,,Jurickson Profar,OF,3.00%,0
85,2623942099,hank20 (3/7),0,134.35,P Clayton Kershaw P Lucas Giolito OF Christian Yelich OF Joey Gallo C James McCann 3B Travis Shaw 1B Nate Lowe 2B Jake Cronenworth OF Jackie Bradley Jr. SS Luis Urías,,Geraldo Perdomo,SS,3.00%,7
85,2624303895,bkreider (6/13),0,134.35,P Clayton Kershaw P Lucas Giolito SS Francisco Lindor 1B Pete Alonso C J.T. Realmuto OF Joey Gallo 2B Nick Solak OF Leody Taveras OF Ronald Guzmán 3B Brock Holt,,Francisco Mejía,C,2.76%,5
87,2624199392,Hurliss,0,133.9,P Lucas Giolito P Tyler Glasnow SS Trevor Story OF Ketel Marte 1B Christian Walker OF Joey Gallo OF David Peralta 3B Alec Bohm 2B Nick Solak C Dom Nuñez,,Edwin Ríos,3B,2.76%,19
88,2624870987,anilprao88 (5/13),0,133.45,P Yu Darvish P Clayton Kershaw 1B José Abreu OF Luis Robert OF Alex Verdugo C Yermín Mercedes 2B Leury García 3B Marwin Gonzalez SS Christian Arroyo OF Andrew Vaughn,,Kevin Padlo,1B,2.76%,0
89,2624877055,Patrick_Irish,0,133.3,P Tyler Glasnow P James Paxton 1B Eric Hosmer OF J.D. Martinez 2B Gavin Lux SS Isiah Kiner-Falefa 3B Ryan McMahon OF Michael Conforto OF Randal Grichuk C Yermín Mercedes,,Didi Gregorius,SS,2.53%,17
90,2624870990,anilprao88 (8/13),0,133.25,P Clayton Kershaw P Tyler Glasnow OF Mookie Betts 1B Max Muncy C J.T. Realmuto SS Didi Gregorius 3B Alec Bohm OF Roman Quinn OF Matt Joyce 2B Zach McKinstry,,Carson Kelly,C,2.53%,0
91,2624177725,uhhuhbro (9/13),0,133.1,P Yu Darvish P Lucas Giolito SS Trevor Story C Willson Contreras 3B Ryan McMahon 1B C.J. Cron OF Raimel Tapia OF Garrett Hampson 2B Nick Solak OF Avisaíl García,,Wil Myers,OF,2.53%,8
92,2624109952,bakebomb,0,132.9,P Lucas Giolito P Tyler Glasnow SS Trevor Story OF Charlie Blackmon 2B Marcus Semien 3B Ryan McMahon C Yermín Mercedes OF Raimel Tapia OF Garrett Hampson 1B Ronald Guzmán,,Chase Anderson,P,2.30%,10.25
93,2623925087,youdacao (10/13),0,132.1,P Yu Darvish P Lucas Giolito SS Francisco Lindor C Willson Contreras OF Joey Gallo 1B Nate Lowe OF Michael Conforto OF David Dahl 2B Nick Solak 3B Brock Holt,,Sean Murphy,C,2.30%,0
93,2625047088,BrandonAdams (8/13),0,132.1,P Yu Darvish P Lucas Giolito OF Christian Yelich C J.T. Realmuto SS Bo Bichette 3B Travis Shaw OF Michael Conforto 2B Kolten Wong 1B Daniel Vogelbach OF Matt Joyce,,José Abreu,1B,2.30%,22
95,2624225912,Awesemo (7/13),0,131.9,P Lucas Giolito P Tyler Glasnow OF Christian Yelich OF Randy Arozarena SS Bo Bichette 3B Mike Brosseau OF Jackie Bradley Jr. 2B Kolten Wong 1B Daniel Vogelbach C Omar Narváez,,Luis Robert,OF,2.30%,23
95,2624362668,theWhistlesGoWooo (11/13),0,131.9,P Lucas Giolito P Tyler Glasnow OF Christian Yelich OF Randy Arozarena SS Bo Bichette 3B Mike Brosseau OF Jackie Bradley Jr. 2B Kolten Wong 1B Daniel Vogelbach C Omar Narváez,,Andrew Vaughn,1B,2.30%,11
95,2624983767,BigPenguin (2/4),0,131.9,P Lucas Giolito P Tyler Glasnow OF Christian Yelich SS Javier Báez 1B Pete Alonso 3B Travis Shaw OF Jackie Bradley Jr. OF Avisaíl García C Omar Narváez 2B Jed Lowrie,,Mike Zunino,C,2.07%,7
98,2624896587,Xralius (2/2),0,131.45,P Yu Darvish P Clayton Kershaw SS Bo Bichette 3B Cavan Biggio 1B Vladimir Guerrero Jr. OF Joey Gallo OF David Dahl C Jonah Heim 2B Nick Solak OF Leody Taveras,,Christian Arroyo,2B,2.07%,7
99,2624225916,Awesemo (11/13),0,131.35,P Yu Darvish P Freddy Peralta SS Corey Seager OF Christian Yelich OF Dominic Smith 3B Travis Shaw OF Michael Conforto 2B Kolten Wong 1B Daniel Vogelbach C Omar Narváez,,Marcus Stroman,P,2.07%,17.9
99,2625047084,BrandonAdams (4/13),0,131.35,P Yu Darvish P Freddy Peralta 1B Pete Alonso C J.T. Realmuto SS Bo Bichette 3B Cavan Biggio OF Joey Gallo OF Michael Conforto 2B Kolten Wong OF Matt Joyce,,Justin Turner,3B,2.07%,10
101,2623925089,youdacao (12/13),0,131.1,P Yu Darvish P Lucas Giolito SS Francisco Lindor 1B Pete Alonso 3B J.D. Davis OF Brandon Nimmo OF Michael Conforto 2B Kolten Wong OF Avisaíl García C Omar Narváez,,Chris Bassitt,P,1.84%,6.9
101,2624850796,isupol (3/4),0,131.1,P Yu Darvish P Lucas Giolito SS Francisco Lindor 1B Dominic Smith 3B Travis Shaw OF Brandon Nimmo OF Michael Conforto 2B Jeff McNeil OF Jackie Bradley Jr. C Omar Narváez,,Mark Canha,OF,1.61%,0
103,2624564159,redmen130 (1/3),0,130.9,P Lucas Giolito P Tyler Glasnow SS Francisco Lindor 1B Pete Alonso OF Joey Gallo OF Dominic Smith OF Michael Conforto 2B Jeff McNeil 3B Alec Bohm C Omar Narváez,,Luis Urías,3B,1.61%,3
103,2625057457,scrosby12,0,130.9,P Lucas Giolito P Tyler Glasnow OF Randy Arozarena SS Bo Bichette 1B Mike Brosseau OF Brandon Nimmo 3B Yandy Díaz OF Michael Conforto C Francisco Mejía 2B Ha-Seong Kim,,Tanner Roark,P,1.38%,-2.85
105,2625022733,DroseSucks (1/2),0,130.25,P Lucas Giolito P Freddy Peralta SS Francisco Lindor 1B Pete Alonso OF Ketel Marte 3B Cavan Biggio OF Brandon Nimmo OF Michael Conforto 2B Eduardo Escobar C Alejandro Kirk,,Matt Chapman,3B,1.38%,0
106,2624850794,isupol (1/4),0,130.1,P Yu Darvish P Lucas Giolito SS Francisco Lindor OF Dominic Smith C James McCann 3B Travis Shaw OF Brandon Nimmo OF Michael Conforto 2B Kolten Wong 1B Daniel Vogelbach,,Ramón Laureano,OF,1.38%,15
106,2624923459,dahladino,0,130.1,P Yu Darvish P Lucas Giolito SS Bo Bichette 2B Marcus Semien OF Teoscar Hernández OF Joey Gallo 1B Nate Lowe OF Randal Grichuk 3B Brock Holt C Alejandro Kirk,,Yoán Moncada,3B,1.38%,6
108,2623906507,BigPenguin (1/4),0,129.9,P Lucas Giolito P Tyler Glasnow SS Bo Bichette 3B Cavan Biggio 2B Marcus Semien OF Joey Gallo 1B Nate Lowe OF Lourdes Gurriel Jr. OF David Dahl C Alejandro Kirk,,J.D. Martinez,OF,1.38%,16
108,2624193844,JoeMixonsGirlfriend,0,129.9,P Lucas Giolito P Tyler Glasnow OF Christian Yelich SS Bo Bichette 3B Vladimir Guerrero Jr. OF Joey Gallo OF David Dahl 2B Kolten Wong 1B Rowdy Tellez C Omar Narváez,,Adam Eaton,OF,1.38%,11
110,2624645282,mattmann91,0,129.65,P Lucas Giolito P Adbert Alzolay 3B Manny Machado SS Francisco Lindor 1B Pete Alonso OF Dominic Smith OF Brandon Nimmo OF Michael Conforto C Victor Caratini 2B Ha-Seong Kim,,AJ Pollock,OF,1.38%,5
111,2624896586,Xralius (1/2),0,129.45,P Yu Darvish P Clayton Kershaw OF Christian Yelich SS Bo Bichette 3B Cavan Biggio OF Randal Grichuk OF Jackie Bradley Jr. 2B Kolten Wong 1B Daniel Vogelbach C Omar Narváez,,Wilmer Flores,3B,1.15%,0
112,2624944099,cheeseisgood (3/4),0,129.35,P Clayton Kershaw P Lucas Giolito SS Francisco Lindor 1B Pete Alonso 3B Travis Shaw OF Brandon Nimmo OF Michael Conforto 2B Jeff McNeil OF Jackie Bradley Jr. C Alejandro Kirk,,Mike Yastrzemski,OF,1.15%,7
113,2623901742,reztes757 (1/4),0,129.1,P Yu Darvish P Lucas Giolito 3B Matt Chapman OF Joey Gallo OF Mark Canha SS Isiah Kiner-Falefa 1B Nate Lowe OF Ramón Laureano C Sean Murphy 2B Nick Solak,,Nick Madrigal,2B,1.15%,12
113,2624072895,ricky0321,0,129.1,P Yu Darvish P Lucas Giolito 1B José Abreu OF Luis Robert 3B Yoán Moncada OF Joey Gallo C Yermín Mercedes 2B Nick Madrigal OF Matt Joyce SS Ha-Seong Kim,,Leody Taveras,OF,0.92%,3
113,2624301546,PetrGibbons (8/10),0,129.1,P Yu Darvish P Lucas Giolito OF Ketel Marte 1B Christian Walker 3B Asdrúbal Cabrera SS Willy Adames 2B Eduardo Escobar OF David Peralta OF Randal Grichuk C Alejandro Kirk,,Buster Posey,C,0.92%,3
116,2623732903,supremexjp,0,128.9,P Lucas Giolito P Tyler Glasnow SS Francisco Lindor 1B Pete Alonso OF Dominic Smith OF Brandon Nimmo 3B Yandy Díaz OF Michael Conforto 2B Jake Cronenworth C Alejandro Kirk,,Alex Dickerson,OF,0.92%,0
117,2624850795,isupol (2/4),0,128.35,P Clayton Kershaw P Lucas Giolito OF Christian Yelich SS Francisco Lindor OF Dominic Smith 3B Travis Shaw 2B Jeff McNeil OF Jackie Bradley Jr. 1B Daniel Vogelbach C Omar Narváez,,David Bote,2B,0.92%,0
118,2624122914,mattccosta,0,128.3,P Lucas Giolito P Germán Márquez OF Christian Yelich SS Francisco Lindor 1B Pete Alonso 3B J.D. Davis OF Brandon Nimmo OF Michael Conforto 2B Kolten Wong C Omar Narváez,,Evan Longoria,3B,0.69%,0
119,2624157926,IamPGM (2/3),0,128.25,P Lucas Giolito P Chase Anderson SS Corey Seager OF Christian Yelich OF Ketel Marte 1B Christian Walker 3B Asdrúbal Cabrera OF David Peralta 2B Kolten Wong C Omar Narváez,,Alex Verdugo,OF,0.69%,13
120,2624243068,pocktchnge,0,128.1,P Yu Darvish P Lucas Giolito 3B Vladimir Guerrero Jr. OF Teoscar Hernández OF Joey Gallo SS Isiah Kiner-Falefa OF Manuel Margot 1B Nate Lowe 2B Nick Solak C Alejandro Kirk,,Brandon Belt,1B,0.69%,0
120,2624339103,bric75 (4/8),0,128.1,P Yu Darvish P Lucas Giolito SS Bo Bichette 3B J.D. Davis OF Dominic Smith C James McCann OF Brandon Nimmo 2B Jeff McNeil OF Randal Grichuk 1B Kevin Padlo,,Luke Weaver,P,0.69%,10.35
122,2624976334,B_Luis26,0,126.9,P Lucas Giolito P Tyler Glasnow OF Bryce Harper 3B Vladimir Guerrero Jr. OF Joey Gallo SS Isiah Kiner-Falefa 1B Nate Lowe OF David Dahl C Jonah Heim 2B Zach McKinstry,,Jed Lowrie,2B,0.69%,10
123,2623925080,youdacao (3/13),0,126.1,P Yu Darvish P Lucas Giolito SS Trevor Story OF Ketel Marte 3B Travis Shaw OF David Peralta OF Jackie Bradley Jr. 2B Kolten Wong 1B Daniel Vogelbach C Omar Narváez,,Luis Torrens,C,0.46%,3
123,2624628417,clothsofheaven (1/4),0,126.1,P Yu Darvish P Lucas Giolito SS Trevor Story 3B Cavan Biggio OF Joey Gallo 1B Nate Lowe OF David Peralta 2B Garrett Hampson C Dom Nuñez OF Ronald Guzmán,,Jean Segura,2B,0.46%,6
123,2624733617,royalfan,0,126.1,P Yu Darvish P Lucas Giolito OF Randy Arozarena SS Bo Bichette OF Joey Gallo 3B Yandy Díaz OF Michael Conforto 2B Jake Cronenworth 1B Daniel Vogelbach C Omar Narváez,,Brad Miller,1B,0.46%,0
123,2624922398,Agoraphobia,0,126.1,P Yu Darvish P Lucas Giolito SS Bo Bichette 2B Marcus Semien 3B Vladimir Guerrero Jr. OF Joey Gallo 1B Nate Lowe OF David Dahl OF Avisaíl García C Alejandro Kirk,,Austin Barnes,C,0.46%,10
127,2624821341,UPLIFTINGTHESPIRIT (1/2),0,125.9,P Lucas Giolito P Marcus Stroman 1B Max Muncy OF J.D. Martinez OF Ketel Marte SS Isiah Kiner-Falefa 2B Jake Cronenworth C Yermín Mercedes OF Franchy Cordero 3B Brock Holt,,Ty France,2B,0.46%,13
128,2625010778,gunstar50,0,125.45,P Yu Darvish P Clayton Kershaw SS Bo Bichette 3B Vladimir Guerrero Jr. OF Tommy Pham OF Joc Pederson OF Brandon Nimmo 1B C.J. Cron 2B Garrett Hampson C Dom Nuñez,,Mitch Haniger,OF,0.46%,9
129,2623997943,GambleCampbell (7/13),0,125.35,P Clayton Kershaw P Lucas Giolito 1B Anthony Rizzo C Willson Contreras SS Bo Bichette OF Joc Pederson OF Jason Heyward OF David Dahl 2B Nick Solak 3B Brock Holt,,Evan White,1B,0.46%,0
130,2624339101,bric75 (2/8),0,125.1,P Yu Darvish P Lucas Giolito SS Trevor Story OF Teoscar Hernández 3B Ryan McMahon 1B C.J. Cron OF Randal Grichuk C Yermín Mercedes OF Raimel Tapia 2B Garrett Hampson,,Marwin Gonzalez,2B,0.46%,0
131,2623997939,GambleCampbell (3/13),0,124.35,P Clayton Kershaw P Lucas Giolito OF Christian Yelich SS Bo Bichette 3B Cavan Biggio 2B Marcus Semien OF David Dahl OF Avisaíl García 1B Daniel Vogelbach C Omar Narváez,,Martín Pérez,P,0.46%,12.45
131,2624079990,bdiddy92,0,124.35,P Yu Darvish P Freddy Peralta SS Francisco Lindor 1B Pete Alonso OF Joey Gallo OF Dominic Smith C James McCann OF Michael Conforto 3B Eduardo Escobar 2B Ha-Seong Kim,,Brandon Crawford,SS,0.46%,14
133,2624841672,atwinger (7/8),0,124.3,P Lucas Giolito P Germán Márquez OF Christian Yelich SS Bo Bichette 2B Marcus Semien 1B Vladimir Guerrero Jr. OF Teoscar Hernández 3B Travis Shaw OF Lourdes Gurriel Jr. C Omar Narváez,,Franchy Cordero,OF,0.46%,5
134,2623966197,hank20 (5/7),0,124.15,P Freddy Peralta P Chris Bassitt 3B Manny Machado SS Trevor Story OF Christian Yelich OF Charlie Blackmon 2B Ryan McMahon 1B C.J. Cron OF Raimel Tapia C Omar Narváez,,Roman Quinn,OF,0.46%,2
135,2623978900,TheGuch16,0,124.1,P Yu Darvish P Lucas Giolito 1B José Abreu 3B Asdrúbal Cabrera OF Brandon Nimmo 2B Eduardo Escobar OF David Peralta C Yermín Mercedes OF Raimel Tapia SS Christian Arroyo,,Dane Dunning,P,0.46%,23.45
135,2624339107,bric75 (8/8),0,124.1,P Yu Darvish P Lucas Giolito 1B Pete Alonso 3B J.D. Davis OF Dominic Smith C James McCann OF Lourdes Gurriel Jr. OF Michael Conforto 2B Jake Cronenworth SS Geraldo Perdomo,,Jake Fraley,OF,0.23%,7
135,2624713173,jmc122 (1/2),0,124.1,P Yu Darvish P Lucas Giolito OF Randy Arozarena OF Joey Gallo C James McCann 3B Yandy Díaz 1B Nate Lowe 2B Jake Cronenworth OF David Dahl SS Ha-Seong Kim,,Austin Slater,OF,0.23%,3
135,2625051851,12bucks,0,124.1,P Yu Darvish P Lucas Giolito OF Charlie Blackmon 3B Cavan Biggio SS Didi Gregorius OF Joey Gallo OF Michael Conforto 2B Nick Solak C Dom Nuñez 1B Ronald Guzmán,,Xander Bogaerts,SS,0.23%,12
139,2624933453,cheeseisgood (2/4),0,123.9,P Lucas Giolito P Tyler Glasnow SS Trevor Story OF Charlie Blackmon OF Teoscar Hernández 3B Ryan McMahon 1B C.J. Cron OF Randal Grichuk 2B Garrett Hampson C Alejandro Kirk,,Christian Vázquez,C,0.23%,21
140,2624884476,mbell3399,0,123.65,P Clayton Kershaw P Germán Márquez OF Bryce Harper 1B Vladimir Guerrero Jr. 3B Mike Brosseau OF Teoscar Hernández OF Joey Gallo C James McCann 2B Ryan McMahon SS Christian Arroyo,,Aaron Sanchez,P,0.23%,13.65
141,2624216583,Awesemo (1/13),0,123.25,P Clayton Kershaw P Tyler Glasnow OF Mookie Betts OF Randy Arozarena 3B Mike Brosseau SS Willy Adames C Francisco Mejía OF Raimel Tapia 2B Kolten Wong 1B Kevin Padlo,,Kyle Seager,3B,0.23%,2
142,2624146554,mrgoodseats (2/3),0,123.1,P Yu Darvish P Lucas Giolito OF Christian Yelich SS Bo Bichette 3B Vladimir Guerrero Jr. OF Joey Gallo 2B Kolten Wong OF Avisaíl García 1B Daniel Vogelbach C Omar Narváez,,Hunter Renfroe,OF,0.23%,7
142,2624216617,ejs39861,0,123.1,P Yu Darvish P Lucas Giolito OF Christian Yelich SS Bo Bichette 3B Vladimir Guerrero Jr. OF Joey Gallo 2B Kolten Wong OF Avisaíl García 1B Daniel Vogelbach C Omar Narváez,,Elvis Andrus,SS,0.23%,0
144,2624620605,ehafner (5/5),0,122.9,P Lucas Giolito P Tyler Glasnow OF Christian Yelich SS Bo Bichette 3B Vladimir Guerrero Jr. OF Teoscar Hernández 2B Kolten Wong 1B Rowdy Tellez OF Avisaíl García C Omar Narváez,,Rafael Devers,3B,0.23%,8
144,2625109011,russelld07 (3/3),0,122.9,P Lucas Giolito P Tyler Glasnow OF Christian Yelich OF Ian Happ SS Bo Bichette OF Joey Gallo 3B Travis Shaw 2B Kolten Wong 1B Daniel Vogelbach C Alejandro Kirk,,Zack Collins,C,0.23%,23
146,2624632135,royemunson (2/2),0,122.4,P Lucas Giolito P James Paxton 3B Manny Machado OF Wil Myers OF Joey Gallo SS Isiah Kiner-Falefa 1B Nate Lowe 2B Jake Cronenworth OF David Dahl C Omar Narváez,,Leury García,2B,0.23%,0
147,2624176788,WeAreKC,0,122.1,P Yu Darvish P Lucas Giolito SS Bo Bichette 3B Vladimir Guerrero Jr. OF Joey Gallo OF David Peralta 1B C.J. Cron C Jonah Heim OF Raimel Tapia 2B Nick Solak,,José Marmolejos,OF,0.23%,2
148,2624225915,Awesemo (10/13),0,121.9,P Lucas Giolito P Tyler Glasnow 2B Brandon Lowe OF Ketel Marte 1B Christian Walker 3B Mike Brosseau OF Manuel Margot C Yermín Mercedes OF Pavin Smith SS Geraldo Perdomo,,,
148,2624293053,mrcpuguru (1/4),0,121.9,P Lucas Giolito P Tyler Glasnow SS Corey Seager 1B Max Muncy 2B Gavin Lux 3B Edwin Ríos OF Raimel Tapia OF Garrett Hampson C Omar Narváez OF Zach McKinstry,,,
150,2625051977,marcf,0,121.45,P Lucas Giolito P Dane Dunning OF Christian Yelich SS Francisco Lindor OF Randy Arozarena 3B Mike Brosseau OF Dominic Smith 1B Yandy Díaz 2B Kolten Wong C Omar Narváez,,,
151,2624841671,atwinger (6/8),0,121.4,P Yu Darvish P Germán Márquez 3B Kris Bryant SS Javier Báez C Willson Contreras OF Joey Gallo 1B Nate Lowe OF David Dahl 2B Nick Solak OF Ronald Guzmán,,,
152,2624286846,tastefultides,0,121.35,P Clayton Kershaw P Lucas Giolito SS Bo Bichette 3B Cavan Biggio 1B Vladimir Guerrero Jr. OF Teoscar Hernández OF Joey Gallo OF David Dahl 2B Nick Solak C Alejandro Kirk,,,
153,2624052560,dandydon,0,121.3,P Lucas Giolito P Germán Márquez OF Christian Yelich 1B Pete Alonso SS Bo Bichette 3B Cavan Biggio 2B Marcus Semien OF Teoscar Hernández OF Sam Hilliard C Alejandro Kirk,,,
154,2624204354,BigT44,0,121.1,P Yu Darvish P Lucas Giolito SS Francisco Lindor 1B Pete Alonso 2B Jean Segura C James McCann OF Brandon Nimmo OF Michael Conforto 3B Alec Bohm OF Matt Joyce,,,
155,2624273147,fjbourne (5/7),0,121,P Yu Darvish P Tyler Glasnow OF Mookie Betts 3B Manny Machado OF Tommy Pham 2B Jake Cronenworth C Victor Caratini OF Garrett Hampson 1B Daniel Vogelbach SS Ha-Seong Kim,,,
156,2625002593,BigPenguin (4/4),0,120.9,P Lucas Giolito P Tyler Glasnow SS Francisco Lindor 1B Pete Alonso 3B J.D. Davis OF Dominic Smith OF Mark Canha C James McCann 2B Jed Lowrie OF Matt Joyce,,,
157,2625040019,BrandonAdams (1/13),0,120.55,P Freddy Peralta P Germán Márquez OF J.D. Martinez C J.T. Realmuto SS Bo Bichette 2B Marcus Semien 1B Vladimir Guerrero Jr. OF Teoscar Hernández 3B Travis Shaw OF Lourdes Gurriel Jr.,,,
158,2624234547,sirmalcolm,0,120.4,P Lucas Giolito P James Paxton OF Christian Yelich SS Francisco Lindor 1B Pete Alonso 3B Travis Shaw OF Michael Conforto OF Jackie Bradley Jr. 2B Kolten Wong C Omar Narváez,,,
159,2625021703,champsarehere,0,120,P Yu Darvish P Tyler Glasnow SS Trevor Story OF Charlie Blackmon OF Manuel Margot 3B Yandy Díaz OF David Dahl C Jonah Heim 2B Nick Solak 1B Ronald Guzmán,,,
160,2625008593,clivebixby,0,119.9,P Lucas Giolito P Tyler Glasnow SS Francisco Lindor 1B Pete Alonso OF Joey Gallo OF Dominic Smith 3B Yandy Díaz OF Michael Conforto 2B Kolten Wong C Alejandro Kirk,,,
161,2624671078,giantsquid,0,119.5,P Yu Darvish P James Paxton OF Christian Yelich 1B Pete Alonso SS Bo Bichette 3B Vladimir Guerrero Jr. OF Jackie Bradley Jr. 2B Kolten Wong OF Avisaíl García C Omar Narváez,,,
162,2624834930,ARaven52,0,119.4,P Lucas Giolito P James Paxton SS Trevor Story C J.T. Realmuto OF Ketel Marte 3B Ryan McMahon OF David Peralta 1B C.J. Cron OF Raimel Tapia 2B Garrett Hampson,,,
163,2624177721,uhhuhbro (5/13),0,119.35,P Clayton Kershaw P Lucas Giolito OF Randy Arozarena C Mike Zunino OF Manuel Margot 3B Yandy Díaz SS Willy Adames 1B C.J. Cron OF David Dahl 2B Nick Solak,,,
163,2624225907,Awesemo (2/13),0,119.35,P Yu Darvish P Freddy Peralta OF Christian Yelich OF Randy Arozarena 2B Brandon Lowe OF Manuel Margot 3B Yandy Díaz SS Willy Adames 1B Daniel Vogelbach C Omar Narváez,,,
163,2624362665,theWhistlesGoWooo (8/13),0,119.35,P Yu Darvish P Freddy Peralta SS Bo Bichette OF Ketel Marte 1B Christian Walker 3B Cavan Biggio 2B Marcus Semien OF Teoscar Hernández OF Pavin Smith C Alejandro Kirk,,,
163,2624975616,SamENole (1/4),0,119.35,P Clayton Kershaw P Lucas Giolito OF Christian Yelich OF Randy Arozarena 1B Mike Brosseau 3B Yandy Díaz SS Willy Adames 2B Kolten Wong OF Avisaíl García C Omar Narváez,,,
167,2623892158,AJSMITH2266 (2/3),0,119.25,P Lucas Giolito P Freddy Peralta SS Bo Bichette 3B Cavan Biggio 2B Marcus Semien 1B Vladimir Guerrero Jr. OF Teoscar Hernández OF Joey Gallo OF David Dahl C Omar Narváez,,,
168,2625096131,tedrepp,0,119.15,P Tyler Glasnow P Freddy Peralta SS Corey Seager OF Luis Robert OF Teoscar Hernández OF Joey Gallo 3B Evan Longoria 1B Jake Cronenworth 2B Ty France C Omar Narváez,,,
169,2624303892,bkreider (3/13),0,119.1,P Yu Darvish P Lucas Giolito OF Christian Yelich SS Bo Bichette 3B Cavan Biggio OF Joey Gallo 2B Kolten Wong OF Avisaíl García 1B Daniel Vogelbach C Omar Narváez,,,
169,2624741873,Duncaroo,0,119.1,P Yu Darvish P Lucas Giolito SS Bo Bichette 3B Cavan Biggio 1B Vladimir Guerrero Jr. OF Joey Gallo OF Lourdes Gurriel Jr. 2B Kolten Wong C Victor Caratini OF Brock Holt,,,
169,2625078198,sheesheenees (2/3),0,119.1,P Yu Darvish P Lucas Giolito SS Francisco Lindor 1B Pete Alonso OF Randy Arozarena OF Joey Gallo OF Michael Conforto C Omar Narváez 3B Brock Holt 2B Zach McKinstry,,,
172,2624362609,theWhistlesGoWooo (1/13),0,118.5,P Yu Darvish P James Paxton SS Bo Bichette OF Ketel Marte 3B Asdrúbal Cabrera 1B Dominic Smith C Carson Kelly OF Michael Conforto 2B Eduardo Escobar OF Pavin Smith,,,
173,2623925084,youdacao (7/13),0,118.1,P Yu Darvish P Lucas Giolito C Willson Contreras OF Ian Happ 1B Christian Walker 3B Asdrúbal Cabrera OF David Peralta 2B Nick Solak OF Pavin Smith SS Geraldo Perdomo,,,
173,2623997864,GambleCampbell (1/13),0,118.1,P Yu Darvish P Lucas Giolito OF Christian Yelich 3B Cavan Biggio OF Joey Gallo SS Isiah Kiner-Falefa OF David Dahl 2B Nick Solak 1B Daniel Vogelbach C Omar Narváez,,,
173,2624177719,uhhuhbro (3/13),0,118.1,P Yu Darvish P Lucas Giolito SS Trevor Story OF Charlie Blackmon 3B Ryan McMahon 1B C.J. Cron OF David Dahl OF Jackie Bradley Jr. 2B Garrett Hampson C Alejandro Kirk,,,
173,2624177720,uhhuhbro (4/13),0,118.1,P Yu Darvish P Lucas Giolito SS Trevor Story OF Christian Yelich 1B Christian Walker OF David Dahl 2B Kolten Wong OF Avisaíl García C Omar Narváez 3B Luis Urías,,,
173,2624177724,uhhuhbro (8/13),0,118.1,P Yu Darvish P Lucas Giolito OF Christian Yelich OF Ketel Marte 1B Christian Walker 3B Eduardo Escobar OF David Peralta 2B Kolten Wong SS Geraldo Perdomo C Alejandro Kirk,,,
173,2625047087,BrandonAdams (7/13),0,118.1,P Yu Darvish P Lucas Giolito SS Francisco Lindor 1B Pete Alonso C J.T. Realmuto OF Brandon Nimmo OF Michael Conforto 3B Alec Bohm 2B Garrett Hampson OF Matt Joyce,,,
179,2624805349,Jgo99,0,117.9,P Lucas Giolito P Tyler Glasnow SS Trevor Story OF Charlie Blackmon OF Joey Gallo 3B Ryan McMahon OF David Peralta 1B C.J. Cron 2B Garrett Hampson C Alejandro Kirk,,,
180,2625077169,whodatxliv,0,117.35,P Yu Darvish P Freddy Peralta OF Bryce Harper OF Christian Yelich C J.T. Realmuto SS Didi Gregorius 3B Travis Shaw 2B Kolten Wong 1B Daniel Vogelbach OF Matt Joyce,,,
181,2623925082,youdacao (5/13),0,117.1,P Yu Darvish P Lucas Giolito SS Francisco Lindor 3B Cavan Biggio OF Joey Gallo OF Michael Conforto OF David Dahl C Jonah Heim 2B Nick Solak 1B Ronald Guzmán,,,
181,2623925090,youdacao (13/13),0,117.1,P Yu Darvish P Lucas Giolito OF Ketel Marte 1B Christian Walker 3B Cavan Biggio C Carson Kelly OF David Peralta OF Alex Verdugo 2B Christian Arroyo SS Geraldo Perdomo,,,
181,2625047086,BrandonAdams (6/13),0,117.1,P Yu Darvish P Lucas Giolito SS Francisco Lindor 1B Pete Alonso C J.T. Realmuto OF Brandon Nimmo OF Michael Conforto 2B Jeff McNeil 3B Brock Holt OF Matt Joyce,,,
181,2625106643,mariob888 (2/2),0,117.1,P Yu Darvish P Lucas Giolito OF Randy Arozarena OF Joey Gallo SS Isiah Kiner-Falefa OF Manuel Margot 3B Yandy Díaz 1B Nate Lowe C Yermín Mercedes 2B Zach McKinstry,,,
185,2625036888,Babelito84 (2/2),0,117,P Clayton Kershaw P Adbert Alzolay 3B Manny Machado OF Randy Arozarena SS Bo Bichette 2B Marcus Semien OF Joey Gallo 1B Nate Lowe C Alejandro Kirk OF José Marmolejos,,,
186,2624225914,Awesemo (9/13),0,116.9,P Lucas Giolito P Tyler Glasnow SS Corey Seager OF Ketel Marte C Carson Kelly 1B Nate Lowe 2B Eduardo Escobar OF David Peralta 3B Alec Bohm OF Pavin Smith,,,
186,2624301542,PetrGibbons (4/10),0,116.9,P Lucas Giolito P Chris Bassitt SS Bo Bichette 2B Marcus Semien 3B Vladimir Guerrero Jr. OF Teoscar Hernández OF Joey Gallo C Mike Zunino 1B Nate Lowe OF Lourdes Gurriel Jr.,,,
186,2624454282,jsurab (1/4),0,116.9,P Lucas Giolito P Tyler Glasnow SS Corey Seager 1B Pete Alonso OF Dominic Smith 3B Yandy Díaz OF Michael Conforto 2B Jake Cronenworth C Yermín Mercedes OF Matt Joyce,,,
186,2624614580,GetRichorDieTryin,0,116.9,P Lucas Giolito P Tyler Glasnow SS Francisco Lindor 1B Pete Alonso OF Randy Arozarena OF Joey Gallo OF Michael Conforto 3B Wilmer Flores C Omar Narváez 2B Zach McKinstry,,,
186,2624769340,fantasyfever,0,116.9,P Lucas Giolito P Tyler Glasnow SS Francisco Lindor 1B Pete Alonso OF Joey Gallo 3B J.D. Davis OF Brandon Nimmo OF Michael Conforto 2B Kolten Wong C Alejandro Kirk,,,
186,2624922094,TheFantasyBros (1/3),0,116.9,P Lucas Giolito P Tyler Glasnow OF Randy Arozarena C Mike Zunino 1B Travis Shaw OF Manuel Margot OF Joc Pederson 3B Yandy Díaz SS Willy Adames 2B Kolten Wong,,,
192,2624863432,noodles28,0,116.45,P Yu Darvish P Clayton Kershaw SS Bo Bichette 2B Marcus Semien 3B Vladimir Guerrero Jr. OF Teoscar Hernández OF Joey Gallo OF David Dahl 1B Ronald Guzmán C Luis Torrens,,,
193,2624057456,healybj19,0,116.4,P Lucas Giolito P James Paxton 3B Kris Bryant SS Javier Báez C Willson Contreras OF Joey Gallo 1B Nate Lowe OF David Dahl 2B Nick Solak OF Ronald Guzmán,,,
194,2624303893,bkreider (4/13),0,116.35,P Clayton Kershaw P Lucas Giolito OF Randy Arozarena 2B Brandon Lowe 3B Asdrúbal Cabrera C Carson Kelly OF Manuel Margot SS Willy Adames OF David Dahl 1B Kevin Padlo,,,
195,2624841673,atwinger (8/8),0,116.3,P Lucas Giolito P Germán Márquez 3B Manny Machado SS Trevor Story C Willson Contreras OF Joey Gallo 1B Nate Lowe OF David Dahl 2B Garrett Hampson OF Ronald Guzmán,,,
196,2623997941,GambleCampbell (5/13),0,116.25,P Lucas Giolito P Chase Anderson C Willson Contreras SS Bo Bichette 3B Cavan Biggio 2B Marcus Semien OF Teoscar Hernández OF Joey Gallo 1B Nate Lowe OF David Dahl,,,
197,2624841412,atwinger (1/8),0,116.1,P Yu Darvish P Lucas Giolito SS Bo Bichette 2B Marcus Semien 3B Vladimir Guerrero Jr. OF Teoscar Hernández OF Randal Grichuk OF Jackie Bradley Jr. 1B Daniel Vogelbach C Omar Narváez,,,
197,2624841667,atwinger (2/8),0,116.1,P Yu Darvish P Lucas Giolito OF Christian Yelich C Willson Contreras SS Isiah Kiner-Falefa 3B Travis Shaw OF Jackie Bradley Jr. 2B Kolten Wong 1B Daniel Vogelbach OF Ronald Guzmán,,,
197,2625070630,bakerdj189,0,116.1,P Yu Darvish P Lucas Giolito OF Randy Arozarena 2B Brandon Lowe 1B Mike Brosseau OF Manuel Margot 3B Yandy Díaz OF Michael Conforto C Omar Narváez SS Geraldo Perdomo,,,
200,2624922096,TheFantasyBros (3/3),0,116,P Yu Darvish P Tyler Glasnow SS Francisco Lindor 1B Pete Alonso 2B Gavin Lux 3B J.D. Davis C James McCann OF Brandon Nimmo OF Brock Holt OF Matt Joyce,,,
201,2623942036,hank20 (1/7),0,115.9,P Lucas Giolito P Tyler Glasnow OF Randy Arozarena 2B Brandon Lowe 3B Vladimir Guerrero Jr. 1B Mike Brosseau SS Isiah Kiner-Falefa OF Manuel Margot C Victor Caratini OF Matt Joyce,,,
201,2624245095,caronnaguy27 (1/2),0,115.9,P Lucas Giolito P Tyler Glasnow OF Christian Yelich 1B Mike Brosseau OF Joey Gallo OF Manuel Margot 3B Yandy Díaz SS Willy Adames 2B Kolten Wong C Omar Narváez,,,
201,2624620603,ehafner (3/5),0,115.9,P Lucas Giolito P Tyler Glasnow OF Christian Yelich SS Bo Bichette 3B Cavan Biggio 2B Marcus Semien OF Lourdes Gurriel Jr. OF Avisaíl García 1B Daniel Vogelbach C Omar Narváez,,,
201,2624659862,sleazygreazy (4/13),0,115.9,P Lucas Giolito P Tyler Glasnow SS Corey Seager 1B Max Muncy OF Mark Canha 3B Edwin Ríos OF Ramón Laureano C Sean Murphy OF Andrew Vaughn 2B Zach McKinstry,,,
201,2624723109,rcgas,0,115.9,P Lucas Giolito P Tyler Glasnow SS Trevor Story 3B Vladimir Guerrero Jr. OF Joey Gallo 1B Nate Lowe OF David Dahl C Yermín Mercedes OF Raimel Tapia 2B Garrett Hampson,,,
201,2624973620,taylamade,0,115.9,P Lucas Giolito P Tyler Glasnow SS Francisco Lindor 1B Pete Alonso 2B Marcus Semien C James McCann OF Brandon Nimmo OF Michael Conforto OF Avisaíl García 3B Brock Holt,,,
207,2624614906,IceHoya,0,115.5,P Yu Darvish P James Paxton OF Mookie Betts SS Corey Seager OF AJ Pollock 3B Edwin Ríos 1B Travis Shaw OF Avisaíl García C Omar Narváez 2B Zach McKinstry,,,
208,2623926306,totoroll33 (2/2),0,115.1,P Yu Darvish P Lucas Giolito 2B Marcus Semien 3B Vladimir Guerrero Jr. OF Joey Gallo SS Isiah Kiner-Falefa 1B Nate Lowe OF Michael Conforto OF David Dahl C Alejandro Kirk,,,
209,2624273145,fjbourne (3/7),0,115,P Yu Darvish P Marcus Stroman SS Trevor Story OF Ketel Marte C Carson Kelly 1B Nate Lowe 3B Eduardo Escobar OF David Peralta 2B Kolten Wong OF Pavin Smith,,,
210,2624903817,pcketchange,0,114.9,P Lucas Giolito P Tyler Glasnow SS Bo Bichette 3B Cavan Biggio 2B Marcus Semien 1B Vladimir Guerrero Jr. OF Teoscar Hernández OF David Dahl OF Avisaíl García C Omar Narváez,,,
210,2624985285,SamENole (2/4),0,114.9,P Lucas Giolito P Tyler Glasnow SS Trevor Story OF Charlie Blackmon 3B Asdrúbal Cabrera 2B Eduardo Escobar OF David Peralta 1B C.J. Cron C Dom Nuñez OF Sam Hilliard,,,
212,2624177726,uhhuhbro (10/13),0,114.5,P Yu Darvish P James Paxton OF Christian Yelich SS Bo Bichette 1B Vladimir Guerrero Jr. OF Joey Gallo 3B Travis Shaw 2B Kolten Wong OF Avisaíl García C Omar Narváez,,,
213,2624225910,Awesemo (5/13),0,114.45,P Yu Darvish P Clayton Kershaw SS Trevor Story OF Randy Arozarena 1B Mike Brosseau 3B Yandy Díaz OF Raimel Tapia 2B Garrett Hampson C Dom Nuñez OF Sam Hilliard,,,
214,2624150607,NYMicky,0,114.35,P Yu Darvish P Freddy Peralta SS Francisco Lindor 1B Pete Alonso 3B Vladimir Guerrero Jr. C James McCann 2B Jeff McNeil OF Randal Grichuk OF David Dahl OF Garrett Hampson,,,
215,2624301544,PetrGibbons (6/10),0,114.1,P Yu Darvish P Lucas Giolito OF Randy Arozarena 2B Brandon Lowe 3B Mike Brosseau C Mike Zunino SS Willy Adames OF Hunter Renfroe 1B Daniel Vogelbach OF Ronald Guzmán,,,
215,2625047085,BrandonAdams (5/13),0,114.1,P Yu Darvish P Lucas Giolito 1B Anthony Rizzo C Willson Contreras SS Bo Bichette 3B Cavan Biggio OF Joc Pederson 2B Nick Madrigal OF Ronald Guzmán OF Matt Joyce,,,
217,2624225917,Awesemo (12/13),0,114,P Yu Darvish P Tyler Glasnow OF Randy Arozarena OF Ketel Marte 1B Christian Walker C James McCann 3B Eduardo Escobar 2B Jeff McNeil OF Pavin Smith SS Geraldo Perdomo,,,
218,2624185233,jaker1soe,0,113.9,P Lucas Giolito P Tyler Glasnow 3B Manny Machado OF Wil Myers 1B Dominic Smith OF Michael Conforto 2B Jeff McNeil C Victor Caratini OF Jurickson Profar SS Ha-Seong Kim,,,
218,2624376676,Felixingenium (1/5),0,113.9,P Lucas Giolito P Tyler Glasnow SS Francisco Lindor 1B Pete Alonso OF Teoscar Hernández 3B J.D. Davis OF Brandon Nimmo OF Michael Conforto 2B Garrett Hampson C Alejandro Kirk,,,
218,2625081639,russelld07 (2/3),0,113.9,P Lucas Giolito P Tyler Glasnow OF Christian Yelich SS Javier Báez OF Ian Happ 3B Travis Shaw OF Jason Heyward 2B Kolten Wong 1B Daniel Vogelbach C Omar Narváez,,,
221,2625040794,Mile_High_Magic-333,0,113.4,P Lucas Giolito P James Paxton SS Francisco Lindor 1B Pete Alonso 3B Vladimir Guerrero Jr. OF Teoscar Hernández OF Brandon Nimmo OF Michael Conforto 2B Jake Cronenworth C Omar Narváez,,,
222,2624538023,mston (2/3),0,113.1,P Yu Darvish P Lucas Giolito SS Bo Bichette 3B Cavan Biggio OF Teoscar Hernández OF Jackie Bradley Jr. 2B Kolten Wong OF Avisaíl García 1B Daniel Vogelbach C Omar Narváez,,,
222,2624867998,UTLambdas,0,113.1,P Yu Darvish P Lucas Giolito OF Christian Yelich SS Bo Bichette 3B Yandy Díaz OF David Dahl OF Raimel Tapia 2B Kolten Wong 1B Daniel Vogelbach C Alejandro Kirk,,,
224,2624927615,Assani,0,113.05,P Marcus Stroman P Tanner Roark 1B Pete Alonso SS Bo Bichette 3B Cavan Biggio 2B Marcus Semien OF Dominic Smith C James McCann OF Brandon Nimmo OF Michael Conforto,,,
225,2624303899,bkreider (10/13),0,113,P Yu Darvish P Tyler Glasnow SS Francisco Lindor OF Ketel Marte 1B Asdrúbal Cabrera C Carson Kelly OF Brandon Nimmo 2B Eduardo Escobar OF Pavin Smith 3B Brock Holt,,,
226,2624814134,redmen130 (2/3),0,112.9,P Lucas Giolito P Tyler Glasnow SS Francisco Lindor OF Randy Arozarena OF Joey Gallo 1B Dominic Smith OF Michael Conforto 2B Jeff McNeil 3B Alec Bohm C Omar Narváez,,,
227,2623976960,moklovin,0,112.1,P Yu Darvish P Lucas Giolito OF Christian Yelich SS Bo Bichette OF Joey Gallo 3B Yandy Díaz OF David Dahl 2B Kolten Wong 1B Daniel Vogelbach C Alejandro Kirk,,,
227,2624177727,uhhuhbro (11/13),0,112.1,P Yu Darvish P Lucas Giolito SS Bo Bichette 2B Marcus Semien 3B Vladimir Guerrero Jr. OF Tommy Pham OF Randal Grichuk OF Jackie Bradley Jr. 1B Rowdy Tellez C Omar Narváez,,,
229,2625045063,slickcowboy23915 (1/3),0,111.4,P Lucas Giolito P James Paxton SS Trevor Story OF Charlie Blackmon 3B Ryan McMahon 2B Eduardo Escobar OF David Peralta 1B C.J. Cron C Jonah Heim OF Raimel Tapia,,,
230,2624946490,ConnorEugene,0,111.3,P Lucas Giolito P Germán Márquez OF Mookie Betts OF Christian Yelich SS Bo Bichette 3B Cavan Biggio 2B Marcus Semien OF Garrett Hampson 1B Daniel Vogelbach C Alejandro Kirk,,,
231,2624538022,mston (1/3),0,111.1,P Yu Darvish P Lucas Giolito OF Randy Arozarena 3B Mike Brosseau OF Manuel Margot SS Willy Adames OF Jackie Bradley Jr. 2B Kolten Wong 1B Daniel Vogelbach C Omar Narváez,,,
231,2624610653,x-pac,0,111.1,P Yu Darvish P Lucas Giolito SS Trevor Story OF Ketel Marte 3B Asdrúbal Cabrera 1B C.J. Cron OF Raimel Tapia 2B Garrett Hampson C Dom Nuñez OF Pavin Smith,,,
231,2625015304,ryanmax (1/2),0,111.1,P Yu Darvish P Lucas Giolito SS Francisco Lindor 1B Pete Alonso 3B Vladimir Guerrero Jr. OF Brandon Nimmo OF Michael Conforto 2B Jeff McNeil C Alejandro Kirk OF Matt Joyce,,,
231,2625047083,BrandonAdams (3/13),0,111.1,P Yu Darvish P Lucas Giolito C J.T. Realmuto SS Bo Bichette 2B Marcus Semien 1B Vladimir Guerrero Jr. OF Michael Conforto OF Randal Grichuk 3B Brock Holt OF Matt Joyce,,,
235,2624386492,Felixingenium (5/5),0,110.9,P Lucas Giolito P Tyler Glasnow SS Francisco Lindor 1B Pete Alonso 3B Vladimir Guerrero Jr. OF Teoscar Hernández OF Brandon Nimmo OF Michael Conforto C Alejandro Kirk 2B Zach McKinstry,,,
236,2624273149,fjbourne (7/7),0,110.5,P Yu Darvish P James Paxton SS Francisco Lindor 1B Pete Alonso OF Manuel Margot OF Brandon Nimmo 3B Yandy Díaz OF Michael Conforto 2B Jeff McNeil C Omar Narváez,,,
237,2624303896,bkreider (7/13),0,110.4,P Yu Darvish P Germán Márquez C J.T. Realmuto SS Bo Bichette 3B Cavan Biggio 1B Vladimir Guerrero Jr. OF Teoscar Hernández OF Randal Grichuk OF David Dahl 2B Nick Solak,,,
238,2624303891,bkreider (2/13),0,110.3,P Tyler Glasnow P James Paxton SS Bo Bichette OF Ketel Marte 1B Christian Walker 2B Marcus Semien 3B Vladimir Guerrero Jr. OF Tommy Pham OF Randal Grichuk C Alejandro Kirk,,,
239,2625096435,mariob888 (1/2),0,110.25,P Lucas Giolito P Freddy Peralta SS Corey Seager 3B Justin Turner OF Randy Arozarena OF Manuel Margot 1B Yandy Díaz OF Raimel Tapia 2B Garrett Hampson C Omar Narváez,,,
240,2623925088,youdacao (11/13),0,110.1,P Yu Darvish P Lucas Giolito OF Randy Arozarena SS Bo Bichette 2B Marcus Semien OF Teoscar Hernández 3B Yandy Díaz 1B Rowdy Tellez OF Sam Hilliard C Alejandro Kirk,,,
240,2624127635,atnorac,0,110.1,P Yu Darvish P Lucas Giolito SS Trevor Story OF Christian Yelich OF Ketel Marte 1B C.J. Cron 2B Kolten Wong 3B Alec Bohm OF Sam Hilliard C Alejandro Kirk,,,
240,2624323687,JettOwens,0,110.1,P Yu Darvish P Lucas Giolito SS Bo Bichette 2B Marcus Semien 3B Vladimir Guerrero Jr. OF Teoscar Hernández OF Joey Gallo OF Avisaíl García 1B Daniel Vogelbach C Omar Narváez,,,
240,2625031607,DroseSucks (2/2),0,110.1,P Yu Darvish P Lucas Giolito SS Trevor Story 2B Brandon Lowe OF Ketel Marte 3B Yandy Díaz 1B C.J. Cron OF Garrett Hampson OF Sam Hilliard C Alejandro Kirk,,,
244,2624528969,BlarneyBoys,0,110,P Yu Darvish P Tyler Glasnow OF Christian Yelich SS Francisco Lindor 3B J.D. Davis 1B Dominic Smith OF Michael Conforto 2B Jeff McNeil C Omar Narváez OF Matt Joyce,,,
245,2624225909,Awesemo (4/13),0,109.9,P Lucas Giolito P Tyler Glasnow SS Trevor Story OF Christian Yelich OF Randy Arozarena OF Manuel Margot 3B Yandy Díaz 2B Kolten Wong C Omar Narváez 1B Kevin Padlo,,,
246,2624881640,getloose (3/3),0,109.8,P Tyler Glasnow P Chris Bassitt 3B Manny Machado SS Francisco Lindor 1B Pete Alonso C James McCann OF Brandon Nimmo OF Michael Conforto 2B Jake Cronenworth OF Mitch Haniger,,,
247,2624303898,bkreider (9/13),0,109.3,P Lucas Giolito P Germán Márquez SS Francisco Lindor 1B Pete Alonso OF Joey Gallo 3B J.D. Davis OF Dominic Smith C James McCann 2B Jake Cronenworth OF David Dahl,,,
248,2624987919,bigchizmo46,0,109.25,P Lucas Giolito P Freddy Peralta SS Francisco Lindor OF J.D. Martinez 2B Marcus Semien 1B Vladimir Guerrero Jr. 3B J.D. Davis OF Michael Conforto C Yermín Mercedes OF Sam Hilliard,,,
249,2625017230,DaBeast2009,0,109.15,P Tyler Glasnow P Freddy Peralta SS Trevor Story 1B Eric Hosmer OF Ketel Marte 2B Gavin Lux OF Manuel Margot OF Michael Conforto C Yermín Mercedes 3B Brock Holt,,,
250,2624957810,cheeseisgood (4/4),0,109.1,P Yu Darvish P Lucas Giolito SS Bo Bichette 3B Cavan Biggio 2B Marcus Semien OF Teoscar Hernández OF Lourdes Gurriel Jr. OF Avisaíl García 1B Daniel Vogelbach C Omar Narváez,,,
250,2625016942,zsather21,0,109.1,P Yu Darvish P Lucas Giolito SS Bo Bichette 2B Marcus Semien 3B Vladimir Guerrero Jr. OF Teoscar Hernández OF Joey Gallo OF David Dahl 1B Ronald Guzmán C Alejandro Kirk,,,
252,2624538024,mston (3/3),0,108.9,P Lucas Giolito P Tyler Glasnow OF Christian Yelich SS Bo Bichette 3B Cavan Biggio 1B Vladimir Guerrero Jr. OF Teoscar Hernández 2B Kolten Wong OF Brock Holt C Alejandro Kirk,,,
252,2624628420,clothsofheaven (4/4),0,108.9,P Lucas Giolito P Tyler Glasnow SS Corey Seager 1B Max Muncy OF Luis Robert 2B Jake Cronenworth C Yermín Mercedes 3B Alec Bohm OF Matt Joyce OF Zach McKinstry,,,
252,2624919425,apeterson8809,0,108.9,P Lucas Giolito P Tyler Glasnow OF Randy Arozarena SS Bo Bichette 3B Cavan Biggio OF Joey Gallo OF Lourdes Gurriel Jr. 1B Jake Cronenworth 2B Kolten Wong C Alejandro Kirk,,,
255,2624341114,tleeson,0,108.65,P Lucas Giolito P Adbert Alzolay OF Mookie Betts 1B Max Muncy 3B Justin Turner SS Francisco Lindor OF David Dahl C Alejandro Kirk 2B Ha-Seong Kim OF Zach McKinstry,,,
256,2624301548,PetrGibbons (10/10),0,108.5,P Yu Darvish P James Paxton OF Bryce Harper 1B Pete Alonso C J.T. Realmuto SS Didi Gregorius OF Michael Conforto 3B Alec Bohm 2B Nick Solak OF Matt Joyce,,,
257,2623925083,youdacao (6/13),0,108.35,P Clayton Kershaw P Lucas Giolito OF Christian Yelich SS Bo Bichette 3B Vladimir Guerrero Jr. OF Teoscar Hernández OF Raimel Tapia 1B Rowdy Tellez 2B Garrett Hampson C Alejandro Kirk,,,
257,2623997940,GambleCampbell (4/13),0,108.35,P Clayton Kershaw P Lucas Giolito OF Christian Yelich SS Bo Bichette 3B Cavan Biggio OF Joey Gallo 2B Kolten Wong OF Avisaíl García 1B Daniel Vogelbach C Alejandro Kirk,,,
257,2624507861,kriller1217 (2/2),0,108.35,P Tyler Glasnow P Martín Pérez OF Bryce Harper 3B Rafael Devers SS Bo Bichette 1B Vladimir Guerrero Jr. OF Joey Gallo C James McCann 2B Garrett Hampson OF Ronald Guzmán,,,
260,2623950009,hank20 (4/7),0,108.1,P Yu Darvish P Lucas Giolito 3B Cavan Biggio 2B Marcus Semien 1B Vladimir Guerrero Jr. OF Teoscar Hernández SS Isiah Kiner-Falefa OF Randal Grichuk C Omar Narváez OF Ronald Guzmán,,,
260,2624236773,unknown1,0,108.1,P Yu Darvish P Lucas Giolito SS Bo Bichette 2B Marcus Semien 1B Vladimir Guerrero Jr. 3B Mike Brosseau OF Joc Pederson OF Lourdes Gurriel Jr. OF Ronald Guzmán C Alejandro Kirk,,,
260,2624303897,bkreider (8/13),0,108.1,P Yu Darvish P Lucas Giolito SS Bo Bichette 3B Cavan Biggio OF Teoscar Hernández OF Lourdes Gurriel Jr. 2B Jake Cronenworth OF Raimel Tapia 1B Rowdy Tellez C Dom Nuñez,,,
263,2624881639,getloose (2/3),0,107.9,P Lucas Giolito P Tyler Glasnow SS Francisco Lindor OF Randy Arozarena 1B Dominic Smith OF Brandon Nimmo 3B Yandy Díaz OF Michael Conforto 2B Jeff McNeil C Alejandro Kirk,,,
264,2623906062,rikkidee (2/13),0,107.3,P Tyler Glasnow P James Paxton SS Francisco Lindor 1B Pete Alonso OF Joey Gallo 3B J.D. Davis OF Dominic Smith OF Manuel Margot 2B Jeff McNeil C Omar Narváez,,,
264,2624612493,stevoj,0,107.3,P Lucas Giolito P Germán Márquez SS Bo Bichette 3B Cavan Biggio 2B Marcus Semien 1B Vladimir Guerrero Jr. OF Teoscar Hernández OF Joey Gallo OF Dominic Smith C Dom Nuñez,,,
266,2624695367,uncl3dunkl3 (1/2),0,107.1,P Yu Darvish P Lucas Giolito OF Christian Yelich SS Bo Bichette 3B Vladimir Guerrero Jr. OF Joey Gallo OF Raimel Tapia 2B Kolten Wong 1B Daniel Vogelbach C Alejandro Kirk,,,
266,2625047082,BrandonAdams (2/13),0,107.1,P Yu Darvish P Lucas Giolito C J.T. Realmuto SS Bo Bichette 2B Marcus Semien 1B Vladimir Guerrero Jr. OF Tommy Pham OF Randal Grichuk 3B Brock Holt OF Matt Joyce,,,
268,2624705253,uncl3dunkl3 (2/2),0,106.9,P Lucas Giolito P Tyler Glasnow OF Christian Yelich SS Bo Bichette 3B Cavan Biggio OF Joey Gallo 1B Jake Cronenworth OF Raimel Tapia 2B Kolten Wong C Alejandro Kirk,,,
269,2623997942,GambleCampbell (6/13),0,106.35,P Clayton Kershaw P Lucas Giolito SS Javier Báez C Willson Contreras 3B Cavan Biggio OF Joc Pederson OF Jason Heyward OF David Dahl 2B Nick Solak 1B Ronald Guzmán,,,
270,2624339106,bric75 (7/8),0,106.1,P Yu Darvish P Lucas Giolito SS Javier Báez 1B Pete Alonso 3B J.D. Davis OF Dominic Smith OF Michael Conforto 2B Jeff McNeil C Alejandro Kirk OF Matt Joyce,,,
270,2624472242,jsurab (2/4),0,106.1,P Yu Darvish P Lucas Giolito SS Corey Seager 2B Gavin Lux OF Joey Gallo 3B Edwin Ríos OF Joc Pederson C Yermín Mercedes 1B Ronald Guzmán OF Andrew Vaughn,,,
270,2624870995,anilprao88 (13/13),0,106.1,P Yu Darvish P Lucas Giolito SS Francisco Lindor 3B J.D. Davis 1B Dominic Smith OF Michael Conforto 2B Jeff McNeil OF Adam Eaton C Yermín Mercedes OF Andrew Vaughn,,,
273,2623906064,rikkidee (4/13),0,105.9,P Lucas Giolito P Tyler Glasnow OF Randy Arozarena 1B Dominic Smith OF Manuel Margot OF Joc Pederson 3B Yandy Díaz SS Willy Adames 2B Jeff McNeil C Francisco Mejía,,,
273,2624760769,NycJeff,0,105.9,P Lucas Giolito P Tyler Glasnow 1B Christian Walker 2B Marcus Semien 3B Vladimir Guerrero Jr. OF Teoscar Hernández C Mike Zunino SS Isiah Kiner-Falefa OF Michael Conforto OF Matt Joyce,,,
275,2624496102,BobbyFi (2/2),0,105,P Yu Darvish P Tyler Glasnow SS Corey Seager 1B Max Muncy OF AJ Pollock 3B Edwin Ríos OF Tommy Pham OF Andrew Vaughn C Alejandro Kirk 2B Zach McKinstry,,,
276,2623925081,youdacao (4/13),0,104.4,P Yu Darvish P Germán Márquez SS Francisco Lindor C Willson Contreras OF Joey Gallo 3B J.D. Davis 1B Dominic Smith OF Brandon Nimmo OF Michael Conforto 2B Nick Solak,,,
276,2624618053,reztes757 (4/4),0,104.4,P Lucas Giolito P James Paxton SS Francisco Lindor 1B Pete Alonso OF Joey Gallo 3B J.D. Davis C James McCann OF Michael Conforto OF David Dahl 2B Nick Solak,,,
278,2623997946,GambleCampbell (10/13),0,104.25,P Lucas Giolito P Chase Anderson 1B Anthony Rizzo 3B Kris Bryant C Willson Contreras SS Bo Bichette OF Joey Gallo OF Jason Heyward OF David Dahl 2B Nick Solak,,,
279,2623820258,EmpireMaker2,0,104.1,P Yu Darvish P Lucas Giolito OF Randy Arozarena SS Bo Bichette 3B Cavan Biggio OF Joey Gallo 2B Jake Cronenworth OF David Dahl 1B Daniel Vogelbach C Alejandro Kirk,,,
279,2624833585,killlerKloonie,0,104.1,P Yu Darvish P Lucas Giolito SS Francisco Lindor 3B Cavan Biggio 1B Asdrúbal Cabrera OF Brandon Nimmo OF Michael Conforto 2B Jake Cronenworth C Yermín Mercedes OF Matt Joyce,,,
281,2624620602,ehafner (2/5),0,103.9,P Lucas Giolito P Tyler Glasnow OF Christian Yelich SS Bo Bichette 3B Cavan Biggio OF Teoscar Hernández OF Jackie Bradley Jr. 2B Kolten Wong 1B Daniel Vogelbach C Alejandro Kirk,,,
281,2624620604,ehafner (4/5),0,103.9,P Lucas Giolito P Tyler Glasnow 3B Manny Machado OF Wil Myers SS Bo Bichette OF Lourdes Gurriel Jr. 2B Jake Cronenworth 1B Rowdy Tellez OF Jurickson Profar C Alejandro Kirk,,,
281,2624659861,sleazygreazy (3/13),0,103.9,P Lucas Giolito P Tyler Glasnow SS Corey Seager C J.T. Realmuto 3B Vladimir Guerrero Jr. OF Joey Gallo OF David Dahl 1B Rowdy Tellez 2B Nick Solak OF Ronald Guzmán,,,
281,2624659870,sleazygreazy (12/13),0,103.9,P Lucas Giolito P Marcus Stroman OF Mookie Betts OF Wil Myers 1B Eric Hosmer C Buster Posey 2B Jake Cronenworth 3B Wilmer Flores OF Matt Joyce SS Ha-Seong Kim,,,
281,2625097946,SpudCrowley,0,103.9,P Lucas Giolito P Tyler Glasnow OF Bryce Harper OF Christian Yelich 1B Eric Hosmer SS Francisco Lindor 3B Alec Bohm C Omar Narváez OF Matt Joyce 2B Ha-Seong Kim,,,
286,2623925079,youdacao (2/13),0,103.75,P Clayton Kershaw P James Paxton SS Bo Bichette 2B Marcus Semien 3B Vladimir Guerrero Jr. OF Teoscar Hernández OF Lourdes Gurriel Jr. OF Michael Conforto 1B Jake Cronenworth C Victor Caratini,,,
287,2623874670,rikkidee (1/13),0,103.4,P Lucas Giolito P James Paxton 1B Pete Alonso 2B Brandon Lowe 3B Mike Brosseau OF Manuel Margot OF Joc Pederson SS Willy Adames OF David Dahl C Francisco Mejía,,,
288,2624242843,Rotomania (1/2),0,103.3,P Tyler Glasnow P James Paxton 3B Kris Bryant SS Javier Báez 1B Pete Alonso OF Joc Pederson OF Brandon Nimmo OF Michael Conforto 2B David Bote C Omar Narváez,,,
289,2625044770,I_Slewfoot_U (1/4),0,103.1,P Yu Darvish P Lucas Giolito SS Trevor Story OF Ketel Marte 3B Eduardo Escobar OF David Peralta 1B C.J. Cron OF Raimel Tapia 2B Garrett Hampson C Dom Nuñez,,,
290,2624659869,sleazygreazy (11/13),0,102.9,P Lucas Giolito P Marcus Stroman 3B Manny Machado OF Randy Arozarena 2B Brandon Lowe OF Tommy Pham OF Manuel Margot SS Willy Adames C Victor Caratini 1B Kevin Padlo,,,
291,2624841668,atwinger (3/8),0,101.4,P Lucas Giolito P James Paxton OF Christian Yelich SS Bo Bichette 2B Marcus Semien 3B Vladimir Guerrero Jr. OF Teoscar Hernández OF Lourdes Gurriel Jr. 1B Daniel Vogelbach C Omar Narváez,,,
292,2624525569,hank20 (7/7),0,101.35,P Clayton Kershaw P Lucas Giolito 3B Manny Machado OF Wil Myers 1B Eric Hosmer OF Tommy Pham 2B Jake Cronenworth OF Ronald Guzmán C Alejandro Kirk SS Luis Urías,,,
293,2624979264,cleemiller12597,0,101.3,P Lucas Giolito P Germán Márquez OF Charlie Blackmon SS Francisco Lindor 1B Pete Alonso 3B J.D. Davis OF Dominic Smith OF Michael Conforto C Sean Murphy 2B Garrett Hampson,,,
294,2624870984,anilprao88 (2/13),0,101.15,P Tyler Glasnow P Freddy Peralta SS Corey Seager 3B Manny Machado 1B Max Muncy OF Tommy Pham 2B Jake Cronenworth C Victor Caratini OF Jurickson Profar OF Zach McKinstry,,,
295,2623822366,randyoliver799,0,101.1,P Yu Darvish P Lucas Giolito 1B Anthony Rizzo SS Javier Báez C Willson Contreras OF Joc Pederson OF David Dahl 2B Nick Solak OF Ronald Guzmán 3B Brock Holt,,,
295,2624063229,swagg2,0,101.1,P Yu Darvish P Lucas Giolito OF Charlie Blackmon SS Francisco Lindor 1B Dominic Smith OF Brandon Nimmo OF Michael Conforto 2B Jeff McNeil 3B Brock Holt C Alejandro Kirk,,,
297,2624225913,Awesemo (8/13),0,101,P Yu Darvish P Tyler Glasnow OF Randy Arozarena OF Ketel Marte 1B Mike Brosseau 3B Yandy Díaz 2B Eduardo Escobar C Francisco Mejía OF Pavin Smith SS Geraldo Perdomo,,,
298,2624659863,sleazygreazy (5/13),0,100.9,P Lucas Giolito P Tyler Glasnow SS Bo Bichette OF Mike Yastrzemski 3B Cavan Biggio 1B Brandon Belt 2B Jake Cronenworth OF Randal Grichuk OF Alex Dickerson C Sean Murphy,,,
299,2624301545,PetrGibbons (7/10),0,100.5,P Yu Darvish P James Paxton OF Bryce Harper OF Christian Yelich SS Bo Bichette 3B Vladimir Guerrero Jr. 2B Kolten Wong OF Avisaíl García 1B Daniel Vogelbach C Omar Narváez,,,
300,2624036973,sprague272000 (1/2),0,100.4,P Lucas Giolito P James Paxton SS Francisco Lindor 1B Pete Alonso OF Joey Gallo 3B J.D. Davis OF Michael Conforto 2B Jake Cronenworth OF David Dahl C Victor Caratini,,,
301,2625036887,Babelito84 (1/2),0,100.25,P Lucas Giolito P Freddy Peralta OF Wil Myers OF Randy Arozarena 1B Mike Brosseau OF Tommy Pham 3B Yandy Díaz SS Willy Adames 2B Jake Cronenworth C Yermín Mercedes,,,
302,2623997938,GambleCampbell (2/13),0,100.1,P Yu Darvish P Lucas Giolito OF Christian Yelich SS Bo Bichette 3B Cavan Biggio OF Joey Gallo 2B Kolten Wong OF Avisaíl García 1B Daniel Vogelbach C Alejandro Kirk,,,
302,2624609380,crump11,0,100.1,P Yu Darvish P Lucas Giolito OF Wil Myers 1B Eric Hosmer SS Isiah Kiner-Falefa OF Tommy Pham 2B Jake Cronenworth C Jonah Heim OF Jurickson Profar 3B Brock Holt,,,
302,2625006833,kmpatter,0,100.1,P Yu Darvish P Lucas Giolito OF Christian Yelich SS Javier Báez 3B Travis Shaw OF Joc Pederson 2B David Bote OF Jackie Bradley Jr. 1B Daniel Vogelbach C Omar Narváez,,,
305,2624177717,uhhuhbro (1/13),0,99.35,P Lucas Giolito P Luke Weaver 1B Anthony Rizzo 3B Kris Bryant C Willson Contreras SS Bo Bichette OF Joc Pederson OF David Peralta OF Jason Heyward 2B Nick Solak,,,
306,2624151203,Cotes17,0,99.3,P Lucas Giolito P Germán Márquez SS Francisco Lindor 1B Pete Alonso 3B Vladimir Guerrero Jr. OF Teoscar Hernández OF Joey Gallo OF Dominic Smith 2B Jake Cronenworth C Sean Murphy,,,
306,2624965088,jmwhsc,0,99.3,P Lucas Giolito P Germán Márquez SS Bo Bichette 3B Cavan Biggio 2B Marcus Semien 1B Vladimir Guerrero Jr. OF Teoscar Hernández OF Joey Gallo OF David Dahl C Jonah Heim,,,
308,2624953824,bbqwinner,0,99.1,P Yu Darvish P Lucas Giolito SS Francisco Lindor 3B J.D. Davis OF Brandon Nimmo OF Michael Conforto 1B C.J. Cron 2B Jeff McNeil OF Garrett Hampson C Dom Nuñez,,,
309,2624014359,themann11 (1/3),0,98.9,P Lucas Giolito P Tyler Glasnow SS Corey Seager 1B Max Muncy 2B Gavin Lux OF Manuel Margot OF David Dahl C Yermín Mercedes 3B Brock Holt OF Zach McKinstry,,,
309,2624656875,eshee,0,98.9,P Lucas Giolito P Tyler Glasnow 3B Manny Machado 1B Eric Hosmer OF Joey Gallo OF Manuel Margot 2B Jake Cronenworth OF David Dahl SS Brandon Crawford C Alejandro Kirk,,,
311,2624447042,joeybones97,0,98.45,P Yu Darvish P Clayton Kershaw OF Charlie Blackmon 1B Vladimir Guerrero Jr. SS Isiah Kiner-Falefa C James McCann 3B Yandy Díaz OF Alex Verdugo 2B Marwin Gonzalez OF Matt Joyce,,,
312,2624870983,anilprao88 (1/13),0,98.4,P Lucas Giolito P James Paxton OF Mookie Betts 3B Justin Turner 2B Gavin Lux C Austin Barnes OF Tommy Pham 1B Jake Cronenworth SS Ha-Seong Kim OF Zach McKinstry,,,
313,2625087725,Nwehrman11,0,98.25,P Lucas Giolito P Freddy Peralta SS Trevor Story OF Christian Yelich OF Charlie Blackmon 3B Travis Shaw OF Jackie Bradley Jr. C Yermín Mercedes 2B Garrett Hampson 1B Daniel Vogelbach,,,
314,2624177718,uhhuhbro (2/13),0,98.1,P Yu Darvish P Lucas Giolito OF Christian Yelich 1B Christian Walker OF Joey Gallo C Carson Kelly 3B Eduardo Escobar 2B Kolten Wong OF Pavin Smith SS Geraldo Perdomo,,,
314,2624362663,theWhistlesGoWooo (6/13),0,98.1,P Yu Darvish P Lucas Giolito SS Corey Seager OF Christian Yelich OF AJ Pollock 3B Yandy Díaz 2B Kolten Wong OF Avisaíl García 1B Daniel Vogelbach C Omar Narváez,,,
316,2624867171,bobbywow1,0,97.55,P Tyler Glasnow P Adbert Alzolay OF Mookie Betts 1B Anthony Rizzo OF Ian Happ 3B Mike Brosseau OF Joc Pederson 2B Jake Cronenworth C Victor Caratini SS Ha-Seong Kim,,,
317,2624659867,sleazygreazy (9/13),0,97.4,P Lucas Giolito P James Paxton 3B Manny Machado OF Wil Myers 2B Gavin Lux 1B Edwin Ríos SS Isiah Kiner-Falefa OF Tommy Pham C Victor Caratini OF Zach McKinstry,,,
318,2624620601,ehafner (1/5),0,96.9,P Lucas Giolito P Tyler Glasnow 1B Eric Hosmer SS Bo Bichette 3B Cavan Biggio OF Teoscar Hernández OF Tommy Pham 2B Jake Cronenworth OF Jurickson Profar C Alejandro Kirk,,,
318,2624814135,redmen130 (3/3),0,96.9,P Lucas Giolito P Chris Bassitt SS Francisco Lindor 1B Pete Alonso 3B Vladimir Guerrero Jr. OF Joey Gallo OF Dominic Smith OF Michael Conforto 2B Jeff McNeil C Yermín Mercedes,,,
320,2624719913,Jbarton324,0,96.3,P Tyler Glasnow P James Paxton OF Christian Yelich SS Francisco Lindor 1B Pete Alonso 3B J.D. Davis OF Michael Conforto 2B Jeff McNeil OF Avisaíl García C Omar Narváez,,,
320,2624894418,caronnaguy27 (2/2),0,96.3,P Lucas Giolito P Germán Márquez SS Corey Seager OF Christian Yelich 1B Eric Hosmer OF Joey Gallo 3B Travis Shaw 2B Jake Cronenworth C Omar Narváez OF Zach McKinstry,,,
322,2623926305,totoroll33 (1/2),0,96.1,P Yu Darvish P Lucas Giolito SS Bo Bichette 3B Cavan Biggio 2B Marcus Semien 1B Vladimir Guerrero Jr. OF Joey Gallo OF David Dahl C Alejandro Kirk OF Matt Joyce,,,
322,2624585703,arktoris,0,96.1,P Yu Darvish P Lucas Giolito SS Bo Bichette 3B Cavan Biggio OF Teoscar Hernández OF Joey Gallo 2B Jake Cronenworth OF David Dahl 1B Rowdy Tellez C Alejandro Kirk,,,
324,2624886590,loin,0,96,P Yu Darvish P Tyler Glasnow OF Randy Arozarena 3B Vladimir Guerrero Jr. SS Isiah Kiner-Falefa OF Manuel Margot 1B Jake Cronenworth OF Adam Eaton C Yermín Mercedes 2B Zach McKinstry,,,
325,2624303894,bkreider (5/13),0,95.5,P Yu Darvish P James Paxton 2B Brandon Lowe SS Bo Bichette 3B Mike Brosseau OF Teoscar Hernández C Mike Zunino OF Manuel Margot 1B Yandy Díaz OF Matt Joyce,,,
326,2624044974,adambrown24 (1/2),0,95.4,P Yu Darvish P Germán Márquez 1B José Abreu 3B Yoán Moncada OF Teoscar Hernández OF Joey Gallo SS Isiah Kiner-Falefa 2B Jake Cronenworth OF David Dahl C Yermín Mercedes,,,
327,2624554645,JGdasavage,0,95.3,P Lucas Giolito P Germán Márquez 3B Manny Machado SS Trevor Story OF Charlie Blackmon OF Joey Gallo 1B Nate Lowe 2B Jake Cronenworth OF Raimel Tapia C Alejandro Kirk,,,
328,2624301539,PetrGibbons (1/10),0,95.1,P Yu Darvish P Lucas Giolito OF Bryce Harper C J.T. Realmuto 2B Brandon Lowe SS Didi Gregorius 3B Alec Bohm OF Avisaíl García 1B Daniel Vogelbach OF Matt Joyce,,,
328,2625047091,BrandonAdams (11/13),0,95.1,P Yu Darvish P Lucas Giolito SS Bo Bichette 3B Cavan Biggio 2B Marcus Semien 1B Vladimir Guerrero Jr. OF Joey Gallo OF Michael Conforto C Alejandro Kirk OF Matt Joyce,,,
330,2624225911,Awesemo (6/13),0,94.75,P Yu Darvish P Adbert Alzolay SS Francisco Lindor OF Ketel Marte 1B Christian Walker OF Dominic Smith C Carson Kelly 3B Eduardo Escobar 2B Jeff McNeil OF Pavin Smith,,,
331,2625071132,I_Slewfoot_U (3/4),0,94.5,P Yu Darvish P James Paxton OF Christian Yelich SS Bo Bichette 3B Cavan Biggio 1B Vladimir Guerrero Jr. OF Jackie Bradley Jr. 2B Kolten Wong OF Avisaíl García C Omar Narváez,,,
332,2623890069,jeffank85,0,94.3,P Tyler Glasnow P James Paxton OF Mookie Betts SS Corey Seager 1B Max Muncy 2B Gavin Lux 3B Yandy Díaz OF Jake Fraley C Luis Torrens OF Zach McKinstry,,,
332,2624044975,adambrown24 (2/2),0,94.3,P Lucas Giolito P Germán Márquez OF Mookie Betts SS Francisco Lindor C Willson Contreras 2B Marcus Semien 1B Mike Brosseau OF Michael Conforto 3B Alec Bohm OF Matt Joyce,,,
334,2624933893,jfkeller312,0,94.2,P Tyler Glasnow P Germán Márquez 3B Justin Turner SS Trevor Story OF Randy Arozarena 2B Gavin Lux OF Manuel Margot 1B Jake Cronenworth OF Raimel Tapia C Dom Nuñez,,,
335,2624389838,AThrougHZ,0,93.9,P Lucas Giolito P Tyler Glasnow OF Randy Arozarena 2B Brandon Lowe OF Teoscar Hernández OF Manuel Margot 3B Yandy Díaz SS Willy Adames 1B C.J. Cron C Alejandro Kirk,,,
336,2623925085,youdacao (8/13),0,93.4,P Yu Darvish P Germán Márquez SS Trevor Story OF Christian Yelich C Willson Contreras 3B Asdrúbal Cabrera 1B C.J. Cron OF Raimel Tapia 2B Garrett Hampson OF Sam Hilliard,,,
337,2623997945,GambleCampbell (9/13),0,93.35,P Clayton Kershaw P Lucas Giolito SS Trevor Story 3B Kris Bryant OF Joc Pederson 1B C.J. Cron OF Jason Heyward OF Raimel Tapia 2B Garrett Hampson C Dom Nuñez,,,
338,2624091408,Beric6312,0,93.3,P Lucas Giolito P Germán Márquez SS Corey Seager OF Christian Yelich 1B Eric Hosmer 3B Travis Shaw OF Brandon Nimmo 2B Jake Cronenworth C Yermín Mercedes OF Zach McKinstry,,,
339,2624659860,sleazygreazy (2/13),0,92.9,P Lucas Giolito P Tyler Glasnow OF Christian Yelich 3B Kris Bryant C Willson Contreras OF Joc Pederson OF Jason Heyward 2B Kolten Wong 1B Daniel Vogelbach SS Ha-Seong Kim,,,
339,2624852905,jsurab (3/4),0,92.9,P Lucas Giolito P Tyler Glasnow OF Randy Arozarena 3B Mike Brosseau C Mike Zunino SS Isiah Kiner-Falefa OF Joc Pederson 1B Yandy Díaz 2B Jake Cronenworth OF Jurickson Profar,,,
341,2624339105,bric75 (6/8),0,92.5,P Yu Darvish P James Paxton 1B Pete Alonso 2B Marcus Semien OF Joey Gallo 3B J.D. Davis C James McCann OF Brandon Nimmo OF Michael Conforto SS Geraldo Perdomo,,,
342,2624915830,tranzcare,0,92.35,P Clayton Kershaw P Lucas Giolito SS Trevor Story 3B Cavan Biggio OF Brandon Nimmo OF Michael Conforto OF David Peralta 1B C.J. Cron 2B Jake Cronenworth C Alejandro Kirk,,,
343,2624068430,DonationKing,0,91.9,P Lucas Giolito P Tyler Glasnow OF Christian Yelich SS Francisco Lindor C J.T. Realmuto OF Michael Conforto OF Jackie Bradley Jr. 2B Kolten Wong 3B Alec Bohm 1B Daniel Vogelbach,,,
343,2624225908,Awesemo (3/13),0,91.9,P Lucas Giolito P Tyler Glasnow SS Francisco Lindor OF Randy Arozarena 3B Mike Brosseau C James McCann OF Manuel Margot OF Michael Conforto 2B Jeff McNeil 1B Kevin Padlo,,,
343,2624659866,sleazygreazy (8/13),0,91.9,P Lucas Giolito P Tyler Glasnow OF Wil Myers 1B Eric Hosmer 3B Matt Chapman 2B Jake Cronenworth OF Adam Eaton C Yermín Mercedes OF Jurickson Profar SS Ha-Seong Kim,,,
343,2624857830,themann11 (3/3),0,91.9,P Lucas Giolito P Tyler Glasnow 1B Eric Hosmer OF Randy Arozarena 3B Mike Brosseau OF Manuel Margot 2B Jake Cronenworth C Yermín Mercedes OF Jurickson Profar SS Ha-Seong Kim,,,
347,2624136455,mrgoodseats (1/3),0,91.1,P Yu Darvish P Lucas Giolito SS Bo Bichette 2B Marcus Semien 3B Vladimir Guerrero Jr. OF Teoscar Hernández OF Joey Gallo OF Avisaíl García 1B Daniel Vogelbach C Alejandro Kirk,,,
347,2624339104,bric75 (5/8),0,91.1,P Yu Darvish P Lucas Giolito 3B Cavan Biggio 2B Marcus Semien 1B Vladimir Guerrero Jr. OF Tommy Pham OF Lourdes Gurriel Jr. OF Randal Grichuk C Dom Nuñez SS Ha-Seong Kim,,,
349,2624847993,sportsfan882,0,90.4,P Lucas Giolito P James Paxton SS Francisco Lindor 1B Pete Alonso 3B Vladimir Guerrero Jr. OF Joey Gallo OF Brandon Nimmo OF Michael Conforto 2B Jeff McNeil C Alejandro Kirk,,,
350,2624983768,BigPenguin (3/4),0,89.9,P Lucas Giolito P Tyler Glasnow 1B Eric Hosmer OF Mike Yastrzemski OF Tommy Pham 3B Evan Longoria C Buster Posey 2B Jake Cronenworth OF Alex Dickerson SS Brandon Crawford,,,
350,2625034153,jsltfc (2/2),0,89.9,P Lucas Giolito P Tyler Glasnow 1B Anthony Rizzo OF Ian Happ OF Manuel Margot OF Joc Pederson 3B Yandy Díaz SS Willy Adames C Francisco Mejía 2B Ha-Seong Kim,,,
352,2624054252,kdc1230,0,89.65,P Lucas Giolito P Adbert Alzolay OF Mookie Betts SS Corey Seager OF Randy Arozarena C Austin Barnes OF Manuel Margot 3B Yandy Díaz 2B Zach McKinstry 1B Kevin Padlo,,,
353,2624511068,hank20 (6/7),0,89.45,P Yu Darvish P Clayton Kershaw OF Randy Arozarena 2B Brandon Lowe 3B Mike Brosseau OF Joey Gallo 1B Yandy Díaz OF Jurickson Profar C Alejandro Kirk SS Ha-Seong Kim,,,
354,2625077935,m1keybgood,0,89.3,P Tyler Glasnow P James Paxton SS Corey Seager 1B Max Muncy 2B Gavin Lux 3B Edwin Ríos OF Joc Pederson OF Ramón Laureano C Sean Murphy OF Zach McKinstry,,,
355,2623900399,Grendal22 (2/3),0,89.15,P Lucas Giolito P Tanner Roark SS Trevor Story OF Charlie Blackmon 2B Marcus Semien OF Joey Gallo 3B Ryan McMahon 1B C.J. Cron C Francisco Mejía OF Raimel Tapia,,,
356,2624301547,PetrGibbons (9/10),0,89.1,P Yu Darvish P Lucas Giolito 3B Matt Chapman 1B Vladimir Guerrero Jr. OF Joey Gallo OF Mark Canha OF Ramón Laureano SS Elvis Andrus C Sean Murphy 2B Nick Solak,,,
357,2624520979,shanksalot (2/2),0,89.05,P Tyler Glasnow P Tanner Roark OF Bryce Harper 3B Justin Turner C J.T. Realmuto SS Didi Gregorius 1B Asdrúbal Cabrera OF Michael Conforto 2B Eduardo Escobar OF Matt Joyce,,,
358,2625055996,forrestkoba,0,88.9,P Lucas Giolito P Tyler Glasnow OF Randy Arozarena 2B Brandon Lowe 3B Cavan Biggio OF Joey Gallo SS Willy Adames OF Michael Conforto 1B Rowdy Tellez C Alejandro Kirk,,,
359,2623906063,rikkidee (3/13),0,88.8,P Tyler Glasnow P Chris Bassitt OF Bryce Harper SS Francisco Lindor 1B Pete Alonso OF Dominic Smith OF Michael Conforto 2B Jeff McNeil 3B Wilmer Flores C Alejandro Kirk,,,
360,2624880908,jmc122 (2/2),0,88.4,P Lucas Giolito P James Paxton SS Javier Báez OF Ian Happ OF Joey Gallo C James McCann 3B Yandy Díaz 1B Nate Lowe OF David Dahl 2B David Bote,,,
361,2624177723,uhhuhbro (7/13),0,88.3,P Tyler Glasnow P James Paxton 1B Anthony Rizzo 3B Kris Bryant SS Bo Bichette OF Joey Gallo OF Joc Pederson OF Jason Heyward 2B David Bote C Omar Narváez,,,
362,2624549708,michaelheywire,0,88.15,P Lucas Giolito P Tanner Roark SS Corey Seager OF Ketel Marte 2B Marcus Semien 1B Vladimir Guerrero Jr. 3B Asdrúbal Cabrera OF David Peralta OF Randal Grichuk C Dom Nuñez,,,
363,2624301543,PetrGibbons (5/10),0,88.1,P Yu Darvish P Lucas Giolito OF Randy Arozarena 2B Brandon Lowe 3B Vladimir Guerrero Jr. OF Joey Gallo SS Willy Adames C Francisco Mejía OF Avisaíl García 1B Kevin Padlo,,,
364,2624659865,sleazygreazy (7/13),0,87.9,P Lucas Giolito P Tyler Glasnow 1B Eric Hosmer 3B Matt Chapman OF Mark Canha SS Isiah Kiner-Falefa 2B Jake Cronenworth OF Ramón Laureano C Sean Murphy OF Jurickson Profar,,,
365,2624870989,anilprao88 (7/13),0,87.5,P Yu Darvish P James Paxton OF Randy Arozarena 2B Brandon Lowe SS Bo Bichette OF Teoscar Hernández 3B Yandy Díaz OF Randal Grichuk 1B Rowdy Tellez C Alejandro Kirk,,,
366,2623906073,rikkidee (13/13),0,87.4,P Lucas Giolito P James Paxton SS Francisco Lindor 1B Pete Alonso OF Mike Yastrzemski 3B Evan Longoria C Buster Posey OF Michael Conforto OF Austin Slater 2B Ha-Seong Kim,,,
367,2624985286,SamENole (3/4),0,87.3,P Marcus Stroman P James Paxton SS Bo Bichette 3B Cavan Biggio OF Teoscar Hernández OF Joey Gallo 1B Dominic Smith C James McCann OF Michael Conforto 2B Jeff McNeil,,,
368,2623925078,youdacao (1/13),0,87.1,P Yu Darvish P Lucas Giolito SS Trevor Story OF Christian Yelich 3B Cavan Biggio 1B C.J. Cron OF Raimel Tapia 2B Garrett Hampson OF Sam Hilliard C Alejandro Kirk,,,
368,2624488402,Dj4eagle2,0,87.1,P Yu Darvish P Lucas Giolito SS Bo Bichette 3B Cavan Biggio 2B Marcus Semien OF Teoscar Hernández OF Joey Gallo OF Avisaíl García 1B Daniel Vogelbach C Alejandro Kirk,,,
370,2623975415,getloose (1/3),0,86.1,P Yu Darvish P Lucas Giolito SS Francisco Lindor OF Randy Arozarena OF Manuel Margot 3B Yandy Díaz OF Michael Conforto 2B Jeff McNeil C Francisco Mejía 1B Kevin Padlo,,,
371,2624983049,contopv,0,85.9,P Lucas Giolito P Tyler Glasnow 1B Eric Hosmer OF Ian Happ 3B Cavan Biggio OF Tommy Pham 2B Jake Cronenworth OF David Dahl C Yermín Mercedes SS Ha-Seong Kim,,,
372,2624968349,patrick348196,0,85.4,P Lucas Giolito P James Paxton 3B Manny Machado 1B Vladimir Guerrero Jr. OF Teoscar Hernández OF Joey Gallo SS Isiah Kiner-Falefa OF Joc Pederson 2B Kolten Wong C Omar Narváez,,,
373,2624659871,SniffMyGouch,0,84.95,P Adbert Alzolay P Germán Márquez OF Mookie Betts OF Charlie Blackmon SS Bo Bichette 2B Marcus Semien 3B Vladimir Guerrero Jr. OF Teoscar Hernández 1B C.J. Cron C Alejandro Kirk,,,
374,2624293055,mrcpuguru (3/4),0,84.9,P Lucas Giolito P Tyler Glasnow 3B Cavan Biggio 2B Marcus Semien 1B Vladimir Guerrero Jr. OF Joey Gallo SS Isiah Kiner-Falefa OF Randal Grichuk OF David Dahl C Alejandro Kirk,,,
375,2623997948,GambleCampbell (12/13),0,84.25,P Lucas Giolito P Chase Anderson 1B Anthony Rizzo SS Javier Báez C Willson Contreras OF Ketel Marte 3B Asdrúbal Cabrera 2B Eduardo Escobar OF David Peralta OF Pavin Smith,,,
376,2624496860,dacoltz,0,84.1,P Yu Darvish P Lucas Giolito OF Randy Arozarena 2B Marcus Semien OF Teoscar Hernández 3B Yandy Díaz SS Willy Adames OF Lourdes Gurriel Jr. C Francisco Mejía 1B Kevin Padlo,,,
377,2623906065,rikkidee (5/13),0,83.3,P Tyler Glasnow P James Paxton SS Francisco Lindor 1B Pete Alonso 2B Marcus Semien 3B Vladimir Guerrero Jr. OF Manuel Margot OF Lourdes Gurriel Jr. OF Randal Grichuk C Alejandro Kirk,,,
378,2624339102,bric75 (3/8),0,83.1,P Yu Darvish P Lucas Giolito 3B Manny Machado OF Wil Myers OF Tommy Pham 1B C.J. Cron 2B Jake Cronenworth OF Garrett Hampson C Alejandro Kirk SS Ha-Seong Kim,,,
379,2624362664,theWhistlesGoWooo (7/13),0,82.65,P Lucas Giolito P Adbert Alzolay 3B Manny Machado SS Francisco Lindor C James McCann OF Tommy Pham OF Brandon Nimmo OF Michael Conforto 1B Jake Cronenworth 2B Jeff McNeil,,,
380,2624670190,bigsexyca,0,82.4,P Lucas Giolito P James Paxton 1B Pete Alonso 2B Marcus Semien 3B Vladimir Guerrero Jr. OF Teoscar Hernández OF Joey Gallo SS Isiah Kiner-Falefa OF Michael Conforto C Alejandro Kirk,,,
381,2623997949,GambleCampbell (13/13),0,82.25,P Lucas Giolito P Chase Anderson 1B Anthony Rizzo 3B Kris Bryant SS Javier Báez C Willson Contreras OF Joey Gallo OF Joc Pederson 2B Nick Solak OF Ronald Guzmán,,,
382,2624362660,theWhistlesGoWooo (3/13),0,81.9,P Lucas Giolito P Tyler Glasnow OF Randy Arozarena 2B Marcus Semien OF Teoscar Hernández 3B Yandy Díaz SS Willy Adames OF Lourdes Gurriel Jr. 1B Rowdy Tellez C Alejandro Kirk,,,
383,2624841670,atwinger (5/8),0,81.5,P Yu Darvish P James Paxton SS Trevor Story OF Christian Yelich OF Charlie Blackmon 3B Travis Shaw 2B Garrett Hampson C Dom Nuñez OF Avisaíl García 1B Daniel Vogelbach,,,
384,2623901370,TheHumanCespedes,0,81.3,P Tyler Glasnow P James Paxton SS Corey Seager 1B Max Muncy 2B Gavin Lux 3B Edwin Ríos C James McCann OF Joc Pederson OF Avisaíl García OF Zach McKinstry,,,
385,2624177729,uhhuhbro (13/13),0,81.25,P Tyler Glasnow P Luke Weaver SS Corey Seager 1B Max Muncy 3B Justin Turner 2B Gavin Lux OF AJ Pollock OF Michael Conforto OF Avisaíl García C Alejandro Kirk,,,
386,2625070796,slickcowboy23915 (3/3),0,80.4,P Lucas Giolito P James Paxton SS Bo Bichette 3B Cavan Biggio 2B Marcus Semien 1B Vladimir Guerrero Jr. OF Joey Gallo OF Michael Conforto OF David Dahl C Alejandro Kirk,,,
387,2625047092,BrandonAdams (12/13),0,80.3,P Lucas Giolito P Germán Márquez SS Trevor Story OF Charlie Blackmon C J.T. Realmuto 3B Cavan Biggio OF Joey Gallo 1B C.J. Cron 2B Kolten Wong OF Sam Hilliard,,,
388,2624520978,shanksalot (1/2),0,80,P Yu Darvish P Chris Bassitt SS Trevor Story OF Charlie Blackmon OF Ketel Marte 2B Eduardo Escobar OF David Peralta 1B C.J. Cron 3B Alec Bohm C Dom Nuñez,,,
389,2625061775,driverseati,0,79.9,P Lucas Giolito P Tyler Glasnow 3B Cavan Biggio 2B Marcus Semien OF Teoscar Hernández OF Joey Gallo SS Isiah Kiner-Falefa 1B Yandy Díaz OF David Dahl C Alejandro Kirk,,,
390,2624870988,anilprao88 (6/13),0,79.75,P Clayton Kershaw P James Paxton OF Randy Arozarena 2B Marcus Semien 1B Mike Brosseau 3B Yandy Díaz SS Willy Adames OF Lourdes Gurriel Jr. OF Randal Grichuk C Francisco Mejía,,,
391,2623906069,rikkidee (9/13),0,79.4,P Lucas Giolito P James Paxton OF Bryce Harper C J.T. Realmuto SS Didi Gregorius OF Manuel Margot OF Lourdes Gurriel Jr. 1B Brad Miller 2B Kolten Wong 3B Alec Bohm,,,
391,2624496016,BobbyFi (1/2),0,79.4,P Lucas Giolito P James Paxton OF Christian Yelich 3B Kris Bryant SS Javier Báez OF Joey Gallo OF Joc Pederson 2B Kolten Wong 1B Daniel Vogelbach C Omar Narváez,,,
393,2624899647,jsurab (4/4),0,79.1,P Yu Darvish P Lucas Giolito SS Corey Seager 3B Cavan Biggio 2B Gavin Lux OF Joey Gallo OF David Dahl 1B Rowdy Tellez OF Ronald Guzmán C Alejandro Kirk,,,
394,2624551666,dan5r,0,78.65,P Lucas Giolito P Adbert Alzolay SS Francisco Lindor OF Randy Arozarena 2B Brandon Lowe 3B Mike Brosseau C James McCann OF Manuel Margot 1B Yandy Díaz OF Zach McKinstry,,,
395,2624944042,Grendal22 (3/3),0,78.3,P Marcus Stroman P James Paxton SS Bo Bichette 3B Cavan Biggio 2B Marcus Semien 1B Vladimir Guerrero Jr. OF Teoscar Hernández OF Joey Gallo C Jonah Heim OF Garrett Hampson,,,
396,2624362669,theWhistlesGoWooo (12/13),0,77.1,P Yu Darvish P Lucas Giolito 2B Marcus Semien 3B Vladimir Guerrero Jr. OF Teoscar Hernández OF Joey Gallo SS Isiah Kiner-Falefa OF David Dahl 1B Rowdy Tellez C Alejandro Kirk,,,
397,2624225918,Awesemo (13/13),0,76,P Yu Darvish P Tyler Glasnow SS Corey Seager OF Christian Yelich C Willson Contreras 2B Kolten Wong OF Avisaíl García 1B Daniel Vogelbach OF Pavin Smith 3B Luis Urías,,,
398,2624922095,TheFantasyBros (2/3),0,75.3,P Tyler Glasnow P James Paxton 3B Kris Bryant 2B Brandon Lowe C Mike Zunino OF Manuel Margot OF Joc Pederson SS Willy Adames OF Avisaíl García 1B Daniel Vogelbach,,,
399,2623906072,rikkidee (12/13),0,74.5,P Yu Darvish P James Paxton OF Bryce Harper C J.T. Realmuto SS Didi Gregorius OF Joc Pederson 1B Brad Miller OF Jackie Bradley Jr. 3B Alec Bohm 2B Nick Solak,,,
400,2624675602,sleazygreazy (13/13),0,74.15,P Chris Bassitt P Chase Anderson SS Corey Seager 3B Manny Machado OF Bryce Harper 1B José Abreu OF Randy Arozarena C Yermín Mercedes OF Jurickson Profar 2B Nick Solak,,,
401,2623997944,GambleCampbell (8/13),0,74.1,P Yu Darvish P Lucas Giolito 3B Kris Bryant SS Javier Báez C Willson Contreras OF Joc Pederson 2B Kolten Wong OF Avisaíl García 1B Daniel Vogelbach OF Pavin Smith,,,
402,2624145332,Ponta01,0,73.65,P Lucas Giolito P Adbert Alzolay OF Mookie Betts SS Corey Seager OF Mike Yastrzemski 1B Brandon Belt 2B Jake Cronenworth 3B Wilmer Flores OF Alex Dickerson C Alejandro Kirk,,,
403,2625071133,I_Slewfoot_U (4/4),0,72.5,P Yu Darvish P James Paxton SS Corey Seager 3B Justin Turner OF Christian Yelich OF Jackie Bradley Jr. 2B Kolten Wong OF Avisaíl García 1B Evan White C Omar Narváez,,,
404,2624870991,anilprao88 (9/13),0,72.3,P Lucas Giolito P Germán Márquez 3B Kris Bryant 1B Eric Hosmer C Willson Contreras OF Ian Happ OF Joc Pederson 2B Jake Cronenworth OF Jason Heyward SS Ha-Seong Kim,,,
405,2623997947,GambleCampbell (11/13),0,71.25,P Lucas Giolito P Chase Anderson 1B Anthony Rizzo SS Javier Báez C Willson Contreras 3B Cavan Biggio OF Joey Gallo OF Joc Pederson OF David Dahl 2B Nick Solak,,,
406,2624018963,themann11 (2/3),0,70.9,P Lucas Giolito P Tyler Glasnow SS Francisco Lindor 3B Cavan Biggio 2B Marcus Semien 1B Vladimir Guerrero Jr. OF Teoscar Hernández OF Michael Conforto C Alejandro Kirk OF Zach McKinstry,,,
407,2624362666,theWhistlesGoWooo (9/13),0,70.75,P Yu Darvish P Adbert Alzolay C Willson Contreras OF Ian Happ 2B Brandon Lowe 3B Mike Brosseau OF Manuel Margot OF Joc Pederson SS Willy Adames 1B Kevin Padlo,,,
408,2624443863,wopgenius11,0,70.3,P Lucas Giolito P Germán Márquez SS Corey Seager OF Christian Yelich OF Randy Arozarena 2B Brandon Lowe OF Joey Gallo 3B Yandy Díaz C Alejandro Kirk 1B Kevin Padlo,,,
409,2625022049,russell_miller,0,69.9,P Lucas Giolito P Tyler Glasnow SS Corey Seager 3B Cavan Biggio OF Joey Gallo OF Joc Pederson 1B C.J. Cron 2B Jake Cronenworth OF David Dahl C Alejandro Kirk,,,
410,2625071131,I_Slewfoot_U (2/4),0,69.85,P James Paxton P Dane Dunning OF Christian Yelich 1B Anthony Rizzo 3B Kris Bryant SS Javier Báez OF Joc Pederson OF Jackie Bradley Jr. 2B Kolten Wong C Omar Narváez,,,
411,2624303890,bkreider (1/13),0,69.4,P Lucas Giolito P James Paxton SS Trevor Story OF Mike Yastrzemski OF Ketel Marte C Buster Posey 1B Brandon Belt 3B Wilmer Flores OF Alex Dickerson 2B Garrett Hampson,,,
412,2623906071,rikkidee (11/13),0,69.3,P Tyler Glasnow P James Paxton SS Corey Seager OF Christian Yelich C J.T. Realmuto 3B Travis Shaw OF Jackie Bradley Jr. 2B Kolten Wong 1B Rowdy Tellez OF Avisaíl García,,,
413,2624659868,sleazygreazy (10/13),0,68.3,P Tyler Glasnow P James Paxton SS Corey Seager 3B Cavan Biggio 1B Vladimir Guerrero Jr. OF Teoscar Hernández OF Lourdes Gurriel Jr. OF Randal Grichuk C Sean Murphy 2B Nick Solak,,,
414,2623894663,Grendal22 (1/3),0,67.35,P Yu Darvish P Chase Anderson 1B Anthony Rizzo 3B Kris Bryant SS Javier Báez OF Ian Happ 2B Jean Segura OF Jason Heyward OF Jurickson Profar C Omar Narváez,,,
414,2624939358,angrypanda31,0,67.35,P Yu Darvish P Chase Anderson OF Bryce Harper OF Christian Yelich 3B Kris Bryant SS Javier Báez C J.T. Realmuto 1B Daniel Vogelbach 2B Christian Arroyo OF Matt Joyce,,,
416,2623906066,rikkidee (6/13),0,66.9,P Lucas Giolito P Tyler Glasnow 1B Anthony Rizzo SS Javier Báez OF Ian Happ OF Joc Pederson 2B Jake Cronenworth OF Jason Heyward 3B Alec Bohm C Alejandro Kirk,,,
417,2624240422,kylerosso12 (1/2),0,66.65,P Lucas Giolito P Adbert Alzolay 1B Anthony Rizzo 3B Kris Bryant SS Javier Báez C Willson Contreras OF Joc Pederson OF Michael Conforto OF Ronald Guzmán 2B Zach McKinstry,,,
417,2624329352,kylerosso12 (2/2),0,66.65,P Lucas Giolito P Adbert Alzolay 1B Anthony Rizzo 3B Kris Bryant SS Javier Báez C Willson Contreras OF Joc Pederson OF Michael Conforto OF Ronald Guzmán 2B Zach McKinstry,,,
419,2624301540,PetrGibbons (2/10),0,66.3,P James Paxton P Chris Bassitt OF Christian Yelich SS Francisco Lindor 1B Christian Walker 3B Asdrúbal Cabrera OF Joey Gallo C Carson Kelly 2B Eduardo Escobar OF David Peralta,,,
420,2624301541,PetrGibbons (3/10),0,64.5,P Yu Darvish P James Paxton SS Javier Báez C Willson Contreras 3B Kyle Seager OF Joc Pederson OF Michael Conforto 2B Ty France OF Mitch Haniger 1B Evan White,,,
421,2625040255,dbee24,0,64.3,P Tyler Glasnow P James Paxton SS Corey Seager 1B Max Muncy 3B Matt Chapman OF Joey Gallo OF Mark Canha C Sean Murphy OF Ronald Guzmán 2B Zach McKinstry,,,
422,2624507032,novice1,0,64.1,P Yu Darvish P Lucas Giolito SS Trevor Story OF Charlie Blackmon 3B Cavan Biggio 1B C.J. Cron OF Raimel Tapia 2B Garrett Hampson OF Pavin Smith C Alejandro Kirk,,,
422,2625047093,BrandonAdams (13/13),0,64.1,P Yu Darvish P Lucas Giolito SS Trevor Story OF Charlie Blackmon 3B Cavan Biggio 1B C.J. Cron OF Raimel Tapia 2B Garrett Hampson OF Pavin Smith C Alejandro Kirk,,,
424,2624886954,jkerns917,0,63.5,P Clayton Kershaw P Tanner Roark SS Corey Seager 3B Justin Turner 1B Anthony Rizzo C Willson Contreras OF Joc Pederson OF Brandon Nimmo OF Matt Joyce 2B Zach McKinstry,,,
425,2624870985,anilprao88 (3/13),0,59.4,P Lucas Giolito P James Paxton 1B Anthony Rizzo 3B Kris Bryant C Willson Contreras OF Joc Pederson 2B Eduardo Escobar OF David Peralta OF Jason Heyward SS Geraldo Perdomo,,,
426,2624273148,fjbourne (6/7),0,59.35,P Lucas Giolito P Luke Weaver 1B Anthony Rizzo 3B Kris Bryant C Willson Contreras OF Ian Happ OF Joc Pederson 2B Jeff McNeil OF Jackie Bradley Jr. SS Christian Arroyo,,,
427,2625050734,ryanmax (2/2),0,55.4,P Lucas Giolito P James Paxton SS Corey Seager OF Randy Arozarena 2B Marcus Semien OF Joey Gallo OF Manuel Margot 3B Yandy Díaz 1B Daniel Vogelbach C Alejandro Kirk,,,
428,2623906068,rikkidee (8/13),0,54.3,P Tyler Glasnow P James Paxton SS Francisco Lindor C J.T. Realmuto 2B Marcus Semien 3B Vladimir Guerrero Jr. OF Teoscar Hernández OF Randal Grichuk 1B Rowdy Tellez OF Avisaíl García,,,
429,2624362662,theWhistlesGoWooo (5/13),0,52.75,P Yu Darvish P Adbert Alzolay SS Trevor Story OF Charlie Blackmon C Carson Kelly 3B Eduardo Escobar OF David Peralta 1B C.J. Cron OF Raimel Tapia 2B Garrett Hampson,,,
430,2623906067,rikkidee (7/13),0,52.4,P Lucas Giolito P James Paxton 1B Anthony Rizzo 3B Kris Bryant SS Javier Báez OF Ian Happ OF Joc Pederson 2B Kolten Wong OF Leody Taveras C Alejandro Kirk,,,
431,2624261690,fjbourne (1/7),0,43.5,P Yu Darvish P James Paxton SS Francisco Lindor 3B Cavan Biggio 2B Marcus Semien OF Teoscar Hernández OF Joey Gallo OF Michael Conforto 1B Rowdy Tellez C Alejandro Kirk,,,
432,2624870992,anilprao88 (10/13),0,40.65,P James Paxton P Chase Anderson SS Corey Seager 3B Justin Turner 1B Anthony Rizzo C Willson Contreras 2B Gavin Lux OF AJ Pollock OF Jason Heyward OF Zach McKinstry,,,
433,2624894052,nick_the_stick1,0,0,,,,
433,2625015538,jsltfc (1/2),0,0,,,,
